--
-- PostgreSQL database dump
--

-- Dumped from database version 12.5 (Debian 12.5-1.pgdg100+1)
-- Dumped by pg_dump version 16.3

-- Started on 2024-07-23 16:50:04 CEST

SET statement_timeout = 0;
SET lock_timeout = 0;
SET idle_in_transaction_session_timeout = 0;
SET client_encoding = 'UTF8';
SET standard_conforming_strings = on;
SELECT pg_catalog.set_config('search_path', '', false);
SET check_function_bodies = false;
SET xmloption = content;
SET client_min_messages = warning;
SET row_security = off;

--
-- TOC entry 3351 (class 0 OID 35067)
-- Dependencies: 234
-- Data for Name: knowledge_artifact; Type: TABLE DATA; Schema: public; Owner: planqk
--

INSERT INTO public.knowledge_artifact (id, creation_date, last_modified_at) VALUES ('379ec44e-1ce5-11eb-adf2-0242ac160002', '2020-11-02 08:27:17.116336', '2020-11-02 08:27:17.116336');
INSERT INTO public.knowledge_artifact (id, creation_date, last_modified_at) VALUES ('b61578ed-df66-44ec-954c-9bcf9906f490', NULL, NULL);
INSERT INTO public.knowledge_artifact (id, creation_date, last_modified_at) VALUES ('4ab28e22-cdf9-45f8-b872-f4d9d2757b6d', NULL, NULL);
INSERT INTO public.knowledge_artifact (id, creation_date, last_modified_at) VALUES ('16aa96c5-b668-4df9-a03f-96d323708676', NULL, NULL);
INSERT INTO public.knowledge_artifact (id, creation_date, last_modified_at) VALUES ('9aa16271-6ea1-4e15-ad9d-6e6e264a0ad0', NULL, NULL);
INSERT INTO public.knowledge_artifact (id, creation_date, last_modified_at) VALUES ('b5df6c13-e619-496c-ada0-80fc3486f733', NULL, NULL);
INSERT INTO public.knowledge_artifact (id, creation_date, last_modified_at) VALUES ('b3b616b6-6e4a-49b1-baf7-f08fa962a441', NULL, NULL);
INSERT INTO public.knowledge_artifact (id, creation_date, last_modified_at) VALUES ('e07898e3-280f-4701-9d54-7d051af8d448', NULL, NULL);
INSERT INTO public.knowledge_artifact (id, creation_date, last_modified_at) VALUES ('170eff66-733f-4043-a56b-3189bf474d62', NULL, NULL);
INSERT INTO public.knowledge_artifact (id, creation_date, last_modified_at) VALUES ('1066e01c-e3ac-4830-b610-eb613187850c', NULL, NULL);
INSERT INTO public.knowledge_artifact (id, creation_date, last_modified_at) VALUES ('f05c9136-2f9f-433f-9c35-85009111ee3c', NULL, NULL);
INSERT INTO public.knowledge_artifact (id, creation_date, last_modified_at) VALUES ('87d697a4-6256-4f84-b545-c2024ab380c2', NULL, NULL);
INSERT INTO public.knowledge_artifact (id, creation_date, last_modified_at) VALUES ('3aac6a37-10de-4a95-a2bd-381d357df2a4', NULL, NULL);
INSERT INTO public.knowledge_artifact (id, creation_date, last_modified_at) VALUES ('ae6bdf6f-2656-45bd-9b96-0820eea3cdab', NULL, NULL);
INSERT INTO public.knowledge_artifact (id, creation_date, last_modified_at) VALUES ('3c7722e2-09c3-4667-9a0d-a45d3ddc42ae', NULL, NULL);
INSERT INTO public.knowledge_artifact (id, creation_date, last_modified_at) VALUES ('8179d686-afa1-4f03-8ec9-95899002488a', NULL, NULL);
INSERT INTO public.knowledge_artifact (id, creation_date, last_modified_at) VALUES ('7de45de7-aca2-4966-a5f9-8ef018688722', NULL, NULL);
INSERT INTO public.knowledge_artifact (id, creation_date, last_modified_at) VALUES ('0e5af2cf-f3c8-48dd-9743-cfdea65f320f', NULL, NULL);
INSERT INTO public.knowledge_artifact (id, creation_date, last_modified_at) VALUES ('10bc87a9-9317-41c8-8d19-fc6594d23383', NULL, NULL);
INSERT INTO public.knowledge_artifact (id, creation_date, last_modified_at) VALUES ('e7a33256-0ab4-4baa-a805-0296b97960d6', NULL, NULL);
INSERT INTO public.knowledge_artifact (id, creation_date, last_modified_at) VALUES ('c293bbf4-b8cf-4393-a403-a359a77b868c', NULL, NULL);
INSERT INTO public.knowledge_artifact (id, creation_date, last_modified_at) VALUES ('816a96fc-696d-419f-8bd4-98752cc72aac', NULL, NULL);
INSERT INTO public.knowledge_artifact (id, creation_date, last_modified_at) VALUES ('871f7eea-4722-4728-8cd9-1e61fe2dd285', NULL, NULL);
INSERT INTO public.knowledge_artifact (id, creation_date, last_modified_at) VALUES ('649859eb-7709-4beb-9738-d57f11d80455', NULL, NULL);
INSERT INTO public.knowledge_artifact (id, creation_date, last_modified_at) VALUES ('0f6587f3-6b6b-4dd4-98aa-b464913b8c14', NULL, NULL);
INSERT INTO public.knowledge_artifact (id, creation_date, last_modified_at) VALUES ('03223c33-7cd2-4496-84c9-c654da405b19', NULL, NULL);
INSERT INTO public.knowledge_artifact (id, creation_date, last_modified_at) VALUES ('14c120d2-f16e-42d0-a280-3d8857c8e7be', NULL, NULL);
INSERT INTO public.knowledge_artifact (id, creation_date, last_modified_at) VALUES ('9b3abee3-b4dd-4924-aa65-c14bd51fcc29', NULL, NULL);
INSERT INTO public.knowledge_artifact (id, creation_date, last_modified_at) VALUES ('be5d3003-7610-4059-8ec3-fe55c7c5a691', NULL, NULL);
INSERT INTO public.knowledge_artifact (id, creation_date, last_modified_at) VALUES ('5e60ce85-c35d-4dda-8cb9-b2eebae0cf64', NULL, NULL);
INSERT INTO public.knowledge_artifact (id, creation_date, last_modified_at) VALUES ('4dc9b29d-9e71-4d6a-9dc5-9af8e8ff2746', NULL, NULL);
INSERT INTO public.knowledge_artifact (id, creation_date, last_modified_at) VALUES ('aec24380-8ee8-4fee-9dd4-ab28cfbfca0b', NULL, NULL);
INSERT INTO public.knowledge_artifact (id, creation_date, last_modified_at) VALUES ('dacf328e-ce3b-4acc-b7a5-3ec07cd010ab', NULL, NULL);
INSERT INTO public.knowledge_artifact (id, creation_date, last_modified_at) VALUES ('03408d61-c4ec-4261-932a-dcb90e37fef8', NULL, NULL);
INSERT INTO public.knowledge_artifact (id, creation_date, last_modified_at) VALUES ('14ad80b5-0498-482d-b3b5-d053e349b130', NULL, NULL);
INSERT INTO public.knowledge_artifact (id, creation_date, last_modified_at) VALUES ('c41fe57e-3a0d-422d-a6c4-6dcec298964a', NULL, NULL);
INSERT INTO public.knowledge_artifact (id, creation_date, last_modified_at) VALUES ('a51667c1-e70c-45e4-b427-127e2e2d2208', NULL, NULL);
INSERT INTO public.knowledge_artifact (id, creation_date, last_modified_at) VALUES ('61a59337-853b-4fff-83a8-367946e3c365', NULL, NULL);
INSERT INTO public.knowledge_artifact (id, creation_date, last_modified_at) VALUES ('8bca8adb-8b27-4533-8d49-7b9b37ecbc27', NULL, NULL);


--
-- TOC entry 3319 (class 0 OID 34933)
-- Dependencies: 202
-- Data for Name: algorithm; Type: TABLE DATA; Schema: public; Owner: planqk
--

INSERT INTO public.algorithm (acronym, algo_parameter, assumptions, computation_model, input_format, intent, name, output_format, problem, solution, id) VALUES ('VQE', '* Anz. Qubits/Breite ($w$) des Schaltkreises: $w=n$
 * Tiefe ($d$) des Schaltkreises: abhängig von der gewählten Verschränkungsmethode, exemplarisch für die besprochene:

\$\$
d_{ent} = (2n+1)m~,~d_{rot} = m+1
\Rightarrow d = d_{ent} + d_{rot} = 2m(n+1)
\$\$', NULL, 1, '* quadratische $n\times n$ Matrix A (als Ausgangspunkt)
* Gewünschte Anzahl von Verschränkungen $m$
* $n(m+1)$ Drehwinkel
* Anzahl klassischer Optimierungsschritte $k$', '>Der VQE Algorithmus [[1]](https://arxiv.org/abs/1304.3061)[[2]](https://arxiv.org/abs/1304.3061) ist ein heuristischer hybrider Quanten-Algorithmus, mit welchem der kleinste (oder größte) Eigenwert inklusive Eigenvektor einer (meist) großen Matrix sehr gut angenähert werden kann. Hierbei wird ein quantenmechanischer Zustand auf einem NISQ-Rechner auf Basis von vorgegebenen Parametern präpariert und in der computational basis ($|0\rangle$ und  $|1\rangle$) gemessen. Das Ergebnis kann durch eine Kosten-Funktion ein Wert zugeordnet werden, welchen es zu minimieren  (oder maximieren) gilt. Ein klassischer Optimierungsalgorithmus verändert auf Grundlage des Wertes der Kosten-Funktion die gegebenen Parameter, durch welche wiederum ein Zustand auf dem Quantencomputer vorbereitet wird. Durch geeignetes Vorgehen bei der Zustandspräparierung und der klassischen Optimierung können Speedups erreicht werden.', 'Variational Quantum Eigensolver', '* n-dimensionaler Vektor $|\psi_F\rangle$ (von zuletzt erhaltenen Optimierungsparametern abhängige Wellenfunktion)
* Skalarer Eigenwert durch Berechnung des Erwartungswertes $\langle\psi_F|A|\psi_F\rangle$', 'Viele wirtschaftlich relevante Fragestellungen der Neuzeit lassen sich als Optimierungsprobleme auffassen. So behandelt man beim Traveling-Salesman-Problem (TSP) die Aufgabe, eine Person zwischen verschiedenen Standorten mit gegebenen Distanzen möglichst effizient (z.B. möglichst schnell) reisen zu lassen. Solche und ähnliche Fragestellungen können als sogenanntes *Eigenwert-Problem* kodiert werden, in welchem bei gegebener Matrix $A$ Zahlen $\lambda_i$ und Vektoren $v_i$ gefunden werden sollen, sodass Folgendes gilt:
\$\$
Av_i = \lambda_iv_i
\$\$
Bei Optimierungsproblemen kann dies oft auf das Finden des größten bzw. kleinsten Eigenwertes und des dazugehörigen Eigenvektors beschränkt werden. Der Einsatz von variationellen Methoden wie dem VQE kann vor Allem bei quantenmechanischen Problemen, beispielsweise bei der Simulation von Molekülen in der Medikamentenforschung eingesetzt werden. [[3]](https://www.nature.com/articles/s41467-019-10988-2)
Quantenmechanisch übersetzt, wird der VQE dafür genutzt, den Energie-Grundzustand (niedrigster Eigenwert) eines Hamiltonoperators (Matrix) zu berechnen, welcher das System beschreibt. In der folgenden Beschreibung des Algorithmus'' wird auch auf die Mathematik und auf ein spezielles Vorgehen beim Präparierungsprozess eingegangen.', '## *Beschreibung des Algorithmus*
Der Algorithmus besteht aus der häufigen Wiederholung der folgenden Schritte, wobei QC quantenmechanische und PC klassische Anteile des Algorithmus beschreibt:
1. Präparierung eines Zustandes auf Grundlage von (Anfangs-)Parametern (QC)
2. Messung des Zustandes in der computational basis (QC)
3. Berechnung des Energie-Erwartungswertes mit diesem Zustand (PC)
4. Klassische Optimierung der Parameter basierend auf den Ergebnissen aus Schritt 3. (PC)

Auf Schritt 4 folgt wiederum Schritt 1 mit den neu erhaltenen Parametern.
### 1. Präparierung
Schon der erste Schritt beinhaltet seine Tücken. Die Zustandspräparierung ist nämlich der wichtigste Teil, durch welchen Speedups des Algorithmus'' gegenüber klassischer Alternativen erreicht werden könnten. In diesem Abschnitt wird eine sehr generische Zustandspräparierung behandelt, anhand derer das Konzept verdeutlicht werden soll. Die hier vorgestellte Zustandspräparierung von $n$ Qubits sieht wie folgt aus:

\$\$
|\psi\rangle = \big(U_\text{ent}U_\text{rot}(\vec{\theta})\big)^m|0\rangle^n
\$\$

Hierbei ist $U_\text{ent}$ ein Verschränkungsoperator, $U_\text{rot}$ ein Rotationsoperator und $m$ die (variable) Anzahl von (erneuten) Verschränkungen/Rotationen. Wie bei universellen Quantencomputern üblich, wird davon ausgegangen, dass die Qubits alle im Zustand $|0\rangle$ initialisiert werden können. Auf die einzelnen Bestandteile des Algorithmus wird im Folgenden eingegangen.<br><br>
#### Verschränkung $U_{ent}$
Quantencomputer haben unter anderem den Vorteil, dass durch Verschränkung ein hohe Anzahl parallel ausführbarer Operationen ermöglicht wird. Das wird auch hier bei der Zustandspräparierung ausgenutzt, bei welcher alle beteiligten Qubits miteinander verschränkt werden sollen. Formal ist die leichteste Form der Verschränkung zweier Qubits im $|0\rangle$-Zustand durch die Hintereinanderausführung eines Hadamard-Gatters auf das Control-Qubit und eines CNOT-Gatters zu realisieren:

\$\$
C_N(H\otimes\mathbb{I})|00\rangle=\frac{1}{\sqrt{2}}\big(|00\rangle+|11\rangle\big)\Rightarrow~\text{test}
\$\$

Bei mehreren Qubits gibt es verschiedenste Arten, diese miteinander zu verschränken. Hier soll eine ''lineare Verschränkung'' zwischen den Qubits gezeigt werden, bei welcher q0 mit q1, q1 mit q2 usw. verschränkt wird. In einem Quantenschaltkreis mit 4 Qubits könnte das wie folgt aussehen (die Hadamard-Gatter am Ende des Schaltkreises dienen lediglich dazu, den Basiswechsel vollständig auszuführen):

\begin{quantikz}
\lstick{$q_0:~\ket{0}$}\slice[style = black]{} & \gate{H} & \ctrl{1} &\qw &\qw &\qw &\qw & \gate{H}\slice[style = black]{} & \qw\\
\lstick{$q_1:~\ket{0}$} & \qw  & \targ{} & \gate{H} & \ctrl{1} &\qw &\qw & \gate{H} & \qw\\
\lstick{$q_2:~\ket{0}$} &\qw &\qw &\qw & \targ{} & \gate{H} & \ctrl{1} & \gate{H} & \qw \\
\lstick{$q_3:~\ket{0}$} &\qw &\qw &\qw &\qw &\qw & \targ{} & \qw & \qw
\end{quantikz}

Abhängig von der gewählten Tiefe $m$ wird die gewählte Verschränkung dementsprechend wiederholt.
#### Rotation $U_{rot}$
Die Matrizen, die Drehungen (auf der Blochsphäre) der einzelnen Qubits beschreiben, stellen den eigentlich zu optimierenden Teil dar. Diese Drehungen hängen von Winkeln ab, welche die zu optimierenden Parameter sind. In diesem Beispiel werden 1-Qubit $R_Y$-Dreh-Matrizen verwendet, welche wie folgt aussehen:

\$\$
R_Y(\theta)=\exp\big(-i\theta\sigma_y/2\big)=\cos(\theta/2)\mathbb{1}-i\sin(\theta/2)\sigma_y=\begin{pmatrix}
\cos(\theta/2) & -\sin(\theta/2) \\ \sin(\theta/2) & \cos(\theta/2)
\end{pmatrix}
\$\$

$\sigma_y$ bezeichnet die Pauli-y-Matrix und kann für analoge Drehungen um x- und z-Achse durch eben jene ersetzt werden. In diesem Beispiel wurde eine Drehung um die y-Achse der Bloch-Sphäre gewählt, da die dabei entstehenden Drehmatrizen keine komplexen Einträge enthalten, die bei der Berechnung eines reellen Erwartungswertes hinderlich sein könnten.
Um die Verschränkung vollständig nutzen zu können, werden sowohl vor, als auch nach dieser Drehungen stattfinden, weswegen bei der Tiefe $m$ des Schaltkreises $n(m+1)$ Winkel bzw. Parameter gebraucht werden. Für $m=1$ und $n=4$ werden somit 8 Winkel benötigt und die Implementierung in den Schaltkreis kann in folgender Grafik gesehen werden:

\begin{quantikz}
\lstick{$q_0:~\ket{0}$} & \gate{R_Y(\theta_1)}\slice[style = black]{} & \gate{H} & \ctrl{1} &\qw &\qw &\qw &\qw & \gate{H}\slice[style = black]{} & \gate{R_Y(\theta_5)} &\qw\\
\lstick{$q_1:~\ket{0}$} & \gate{R_Y(\theta_2)} & \qw  & \targ{} & \gate{H} & \ctrl{1} &\qw &\qw & \gate{H} & \gate{R_Y(\theta_6)} & \qw\\
\lstick{$q_2:~\ket{0}$} & \gate{R_Y(\theta_3)} &\qw &\qw &\qw & \targ{} & \gate{H} & \ctrl{1} & \gate{H} & \gate{R_Y(\theta_7)} & \qw \\
\lstick{$q_3:~\ket{0}$} & \gate{R_Y(\theta_4)} &\qw &\qw &\qw &\qw &\qw & \targ{} & \qw & \gate{R_Y(\theta_8)} &\qw
\end{quantikz}

### 2. - 4. Messung, Erwartungswertberechnung und Optimierung
Die Messung des Zustandes erfolgt in der computational basis und hängt von der ausgewählten Optimierungsstrategie ab. Im Fall des Einsatzes von *simultaneous perturbation stochastic approximation* (SPSA) [[4]](https://arxiv.org/abs/1704.05018) werden für einen Optimierungsschritt der Parameter zwei Zustände und die dazugehörigen Erwartungswerte benötigt, weshalb für einen Durchlauf des Algorithmus'' Schritt 1,2 und 3 zweimal ausgeführt werden müssen, bevor die eigentliche Optimierung stattfinden kann.
Nach der gewünschten Anzahl der Iterationsschritte (für die klassische Optimierung) erhält man ein finales Set von Parametern $\theta_F$, welche für die Berechnung der finalen Wellenfunktion $|\psi_F\rangle$ genutzt wird. Diese ist dann (bei genügend Iterationsschritten und bei vernünftiger Berechnung) ein Eigenzustand/-vektor der Matrix $A$. Der dazugehörige (minimalste) Eigenwert berechnet sich durch den Erwartungswert $\lambda_{min}=\langle\psi_F|A|\psi_F\rangle$.

### Referenzen
* [1] Peruzzo, A. et. al., https://arxiv.org/abs/1304.3061 (2013)
* [2] McClear, J.R. et. al., https://arxiv.org/abs/1509.04279 (2015)
* [3] Grimsle, H.R. et. al., https://www.nature.com/articles/s41467-019-10988-2 (2019)
* [4] Kandala, A. et. al., https://www.nature.com/articles/s41467-019-10988-2 (2017)', '379ec44e-1ce5-11eb-adf2-0242ac160002');
INSERT INTO public.algorithm (acronym, algo_parameter, assumptions, computation_model, input_format, intent, name, output_format, problem, solution, id) VALUES (NULL, 'N: N > 0, N odd', NULL, 1, 'N: Integer', 'Integer factorization', 'Shor', 'Factors: Integer Array', 'The algorithm of Shor is a ploynomial-time quantum computer algorithm for factorizing integers. It solves the following problem: GIven an integer N, find its prime factors. The American mathematician Peter Shor invented the algorithm in 1994.', NULL, 'b5df6c13-e619-496c-ada0-80fc3486f733');
INSERT INTO public.algorithm (acronym, algo_parameter, assumptions, computation_model, input_format, intent, name, output_format, problem, solution, id) VALUES ('QPE', 'U: Unitary Matrix; Eigenvector: Eigenvector of U', NULL, 1, 'U: Float Array; Eigenvector: Integer Array', 'Estimates eigenvalues, or phase, of an eigenvector of a unitary matrix', 'Quantum Phase Estimation', 'Eigenvalue: Float', 'The quantum phase estimation algorithm estimates the eigenvalues, or phase, of an eigenvector of a unitary matrix. It is frequently used as a subroutine in other quantum algorithms, such as the algorithm of Shor.', NULL, 'b61578ed-df66-44ec-954c-9bcf9906f490');
INSERT INTO public.algorithm (acronym, algo_parameter, assumptions, computation_model, input_format, intent, name, output_format, problem, solution, id) VALUES ('QRL1', NULL, NULL, 1, NULL, 'Reinforcement learning', 'Quantum Reinforcement Learning 1', NULL, 'With this algorithm, Dong et al. introduce an approach to quantum reinforcement learning (QRL) that takes advantage of effects from quantum physics and works fundamentally different than any classical RL method, however, some similarities still remain. For example, QRL, like classical RL methods, also contain a policy, reward function and an environment. However, Dong et al. note that their QRL algorithm differs to classical RL algorithms in intrinsic parts like representation, policy, parallelism and update operation. States and actions are also different in both approaches. In this QRL method, states are referred to as eigen states and actions as eigen actions and are able to be in a superposition state. Superposition allows the algorithm, among other things, to better balance exploration and exploitation. Recall that in quantum physics, whenever a qubit in superposition is measured, it collapses and takes on one state according to some probability. The algorithm takes advantage of this behaviour in the action selection policy. More specifically, an action is measured in relation to some state and hence collapses to one of its eigen actions according to some probability this action is then selected. This means that the probability of actions that are considered good should be amplified. The probability amplitudes must be updated throughout the algorithm. The method to update the probability amplitude is based on the Grover iteration from Grover’s algorithm, a famous quantum algorithm for database search. The method contains a oracle or black box that is used to tell whether an action is good or bad. Loosely formulated, the complete algorithm works as follows. The first step is to initialize the state and action. After this an action is observed and executed to receive the next state and reward. Then the state value and probability amplitudes are updated accordingly. The probability amplitudes are updated in such a way that the probability for good actions is amplified and shrunk for bad ones. This process is done repeatedly. And so, after a number of episodes, the algorithm is able to learn a policy.', NULL, '4ab28e22-cdf9-45f8-b872-f4d9d2757b6d');
INSERT INTO public.algorithm (acronym, algo_parameter, assumptions, computation_model, input_format, intent, name, output_format, problem, solution, id) VALUES ('QSVM1', NULL, NULL, 1, NULL, 'Classification', 'Quantum Support Vector Machine 1', NULL, 'Havlicek et al. show that a quantum version of the SVM can be implemented in the following way. Two distinct approaches are available for this problem. The first method uses a variational circuit to compute the separating hyperplane while the second method estimates the kernel function in order to optimize the classifier directly. The latter method is then used used as part of a conventional SVM. In both methods the data is provided classically while the quantum state space is used as the feature space. It is furthermore noted that in order to obtain a quantum advantage, the kernel cannot be estimated classically, i.e., if the kernel is too simple, the quantum SVM does not show a quantum advantage over a normal SVM. [Supervised learning with quantum enhanced feature spaces, Havlicek et al.]', NULL, '16aa96c5-b668-4df9-a03f-96d323708676');
INSERT INTO public.algorithm (acronym, algo_parameter, assumptions, computation_model, input_format, intent, name, output_format, problem, solution, id) VALUES ('QSVM2', NULL, NULL, 1, NULL, 'Classification', 'Quantum Support Vector Machine 2', NULL, 'The training of quantum support vector machines (QSVM) can also be run on a quantum annealer, as demonstrated by Willsch et al. in a recent paper. To achieve this, the problem, like any problem solved via quantum annealing (QA), must first be formulated as a QUBO. However, the training of SVMs entails solving equations that contain real numbers whereas a QUBO consists of binary values. Willsch et al. use a special encoding to overcome this and thus are able to formulate the problem as a QUBO. Willsch et al. investigate the performance of their QSVM on a DW2000Q quantum annealer. They note that the quantum annealer returns in addition to the global optimum, a range of solutions that are close to the optimal. They furthermore note that this is advantageous as the generalization ability may potentially be improved by using a combination of the produced solutions. In summary, a QVSM can be trained using via QA by formulating the problem as a QUBO. A QA device, such as the DW2000Q, produces optimal and near-optimal solutions and a combination of these solutions can potentially improve the generalization behaviour.', NULL, '9aa16271-6ea1-4e15-ad9d-6e6e264a0ad0');
INSERT INTO public.algorithm (acronym, algo_parameter, assumptions, computation_model, input_format, intent, name, output_format, problem, solution, id) VALUES (NULL, NULL, NULL, 1, NULL, NULL, 'Grover-SAT', NULL, NULL, NULL, '3c7722e2-09c3-4667-9a0d-a45d3ddc42ae');
INSERT INTO public.algorithm (acronym, algo_parameter, assumptions, computation_model, input_format, intent, name, output_format, problem, solution, id) VALUES (NULL, NULL, NULL, 1, NULL, NULL, 'Grover-Truthtable', NULL, NULL, NULL, '0e5af2cf-f3c8-48dd-9743-cfdea65f320f');
INSERT INTO public.algorithm (acronym, algo_parameter, assumptions, computation_model, input_format, intent, name, output_format, problem, solution, id) VALUES (NULL, NULL, NULL, 1, NULL, NULL, 'Simon', NULL, NULL, NULL, '871f7eea-4722-4728-8cd9-1e61fe2dd285');
INSERT INTO public.algorithm (acronym, algo_parameter, assumptions, computation_model, input_format, intent, name, output_format, problem, solution, id) VALUES ('QAOA', NULL, NULL, 2, NULL, NULL, 'Quantum Approximate Optimization Algorithm', NULL, NULL, NULL, '0f6587f3-6b6b-4dd4-98aa-b464913b8c14');
INSERT INTO public.algorithm (acronym, algo_parameter, assumptions, computation_model, input_format, intent, name, output_format, problem, solution, id) VALUES (NULL, NULL, NULL, 1, NULL, NULL, 'K-Means', NULL, NULL, NULL, 'a51667c1-e70c-45e4-b427-127e2e2d2208');


--
-- TOC entry 3328 (class 0 OID 34969)
-- Dependencies: 211
-- Data for Name: application_area; Type: TABLE DATA; Schema: public; Owner: planqk
--

INSERT INTO public.application_area (id, name) VALUES ('ce597b06-c55e-46ce-976c-8de398e049b9', 'Cryptography');
INSERT INTO public.application_area (id, name) VALUES ('12b0d326-8b6a-4f7c-8717-d9cc5eb4a567', 'Classification');
INSERT INTO public.application_area (id, name) VALUES ('da982d08-30a8-48f7-8db1-204c0b4f1865', 'Machine Learning');


--
-- TOC entry 3320 (class 0 OID 34939)
-- Dependencies: 203
-- Data for Name: algorithm_application_area; Type: TABLE DATA; Schema: public; Owner: planqk
--

INSERT INTO public.algorithm_application_area (algorithm_id, application_area_id) VALUES ('b5df6c13-e619-496c-ada0-80fc3486f733', 'ce597b06-c55e-46ce-976c-8de398e049b9');
INSERT INTO public.algorithm_application_area (algorithm_id, application_area_id) VALUES ('b61578ed-df66-44ec-954c-9bcf9906f490', 'ce597b06-c55e-46ce-976c-8de398e049b9');
INSERT INTO public.algorithm_application_area (algorithm_id, application_area_id) VALUES ('4ab28e22-cdf9-45f8-b872-f4d9d2757b6d', 'da982d08-30a8-48f7-8db1-204c0b4f1865');
INSERT INTO public.algorithm_application_area (algorithm_id, application_area_id) VALUES ('16aa96c5-b668-4df9-a03f-96d323708676', 'da982d08-30a8-48f7-8db1-204c0b4f1865');
INSERT INTO public.algorithm_application_area (algorithm_id, application_area_id) VALUES ('16aa96c5-b668-4df9-a03f-96d323708676', '12b0d326-8b6a-4f7c-8717-d9cc5eb4a567');
INSERT INTO public.algorithm_application_area (algorithm_id, application_area_id) VALUES ('9aa16271-6ea1-4e15-ad9d-6e6e264a0ad0', 'da982d08-30a8-48f7-8db1-204c0b4f1865');
INSERT INTO public.algorithm_application_area (algorithm_id, application_area_id) VALUES ('9aa16271-6ea1-4e15-ad9d-6e6e264a0ad0', '12b0d326-8b6a-4f7c-8717-d9cc5eb4a567');


--
-- TOC entry 3353 (class 0 OID 35073)
-- Dependencies: 236
-- Data for Name: learning_method; Type: TABLE DATA; Schema: public; Owner: planqk
--



--
-- TOC entry 3321 (class 0 OID 34942)
-- Dependencies: 204
-- Data for Name: algorithm_learning_method; Type: TABLE DATA; Schema: public; Owner: planqk
--



--
-- TOC entry 3358 (class 0 OID 35091)
-- Dependencies: 241
-- Data for Name: problem_type; Type: TABLE DATA; Schema: public; Owner: planqk
--

INSERT INTO public.problem_type (id, name, parent_problem_type) VALUES ('76d773b5-4635-4d67-877c-e565b9f08496', 'Integer Factorization', NULL);


--
-- TOC entry 3322 (class 0 OID 34945)
-- Dependencies: 205
-- Data for Name: algorithm_problem_type; Type: TABLE DATA; Schema: public; Owner: planqk
--

INSERT INTO public.algorithm_problem_type (algorithm_id, problem_type_id) VALUES ('b5df6c13-e619-496c-ada0-80fc3486f733', '76d773b5-4635-4d67-877c-e565b9f08496');


--
-- TOC entry 3359 (class 0 OID 35094)
-- Dependencies: 242
-- Data for Name: publication; Type: TABLE DATA; Schema: public; Owner: planqk
--

INSERT INTO public.publication (doi, title, url, id) VALUES ('10.1137/S0097539795293172', 'Polynomial-Time Algorithms for Prime Factorization and Discrete Logarithms on a Quantum Computer', 'https://arxiv.org/abs/quant-ph/9508027', 'f05c9136-2f9f-433f-9c35-85009111ee3c');
INSERT INTO public.publication (doi, title, url, id) VALUES ('10.1109/TSMCB.2008.925743', 'Quantum reinforcement learning', 'https://arxiv.org/abs/0810.3828', '87d697a4-6256-4f84-b545-c2024ab380c2');
INSERT INTO public.publication (doi, title, url, id) VALUES ('10.1038/s41586-019-0980-2', 'Supervised learning with quantum enhanced feature spaces', 'https://arxiv.org/abs/1804.11326', '3aac6a37-10de-4a95-a2bd-381d357df2a4');
INSERT INTO public.publication (doi, title, url, id) VALUES ('10.1016/j.cpc.2019.107006', 'Support vector machines on the D-Wave quantum annealer', 'https://arxiv.org/abs/1906.06283', 'ae6bdf6f-2656-45bd-9b96-0820eea3cdab');


--
-- TOC entry 3323 (class 0 OID 34948)
-- Dependencies: 206
-- Data for Name: algorithm_publication; Type: TABLE DATA; Schema: public; Owner: planqk
--

INSERT INTO public.algorithm_publication (algorithm_id, publication_id) VALUES ('b5df6c13-e619-496c-ada0-80fc3486f733', 'f05c9136-2f9f-433f-9c35-85009111ee3c');
INSERT INTO public.algorithm_publication (algorithm_id, publication_id) VALUES ('b61578ed-df66-44ec-954c-9bcf9906f490', 'f05c9136-2f9f-433f-9c35-85009111ee3c');
INSERT INTO public.algorithm_publication (algorithm_id, publication_id) VALUES ('4ab28e22-cdf9-45f8-b872-f4d9d2757b6d', '87d697a4-6256-4f84-b545-c2024ab380c2');
INSERT INTO public.algorithm_publication (algorithm_id, publication_id) VALUES ('16aa96c5-b668-4df9-a03f-96d323708676', '3aac6a37-10de-4a95-a2bd-381d357df2a4');
INSERT INTO public.algorithm_publication (algorithm_id, publication_id) VALUES ('9aa16271-6ea1-4e15-ad9d-6e6e264a0ad0', 'ae6bdf6f-2656-45bd-9b96-0820eea3cdab');


--
-- TOC entry 3325 (class 0 OID 34954)
-- Dependencies: 208
-- Data for Name: algorithm_relation_type; Type: TABLE DATA; Schema: public; Owner: planqk
--



--
-- TOC entry 3324 (class 0 OID 34951)
-- Dependencies: 207
-- Data for Name: algorithm_relation; Type: TABLE DATA; Schema: public; Owner: planqk
--



--
-- TOC entry 3365 (class 0 OID 35115)
-- Dependencies: 248
-- Data for Name: revinfo; Type: TABLE DATA; Schema: public; Owner: planqk
--

INSERT INTO public.revinfo (rev, revtstmp) VALUES (2, 1699534064433);
INSERT INTO public.revinfo (rev, revtstmp) VALUES (3, 1699534071271);
INSERT INTO public.revinfo (rev, revtstmp) VALUES (4, 1699534089664);
INSERT INTO public.revinfo (rev, revtstmp) VALUES (5, 1699535001297);
INSERT INTO public.revinfo (rev, revtstmp) VALUES (6, 1699535041915);
INSERT INTO public.revinfo (rev, revtstmp) VALUES (7, 1699535068636);
INSERT INTO public.revinfo (rev, revtstmp) VALUES (8, 1699535114399);
INSERT INTO public.revinfo (rev, revtstmp) VALUES (9, 1699535127869);
INSERT INTO public.revinfo (rev, revtstmp) VALUES (10, 1699977744153);
INSERT INTO public.revinfo (rev, revtstmp) VALUES (11, 1721649653100);
INSERT INTO public.revinfo (rev, revtstmp) VALUES (12, 1721650839577);
INSERT INTO public.revinfo (rev, revtstmp) VALUES (13, 1721650858760);
INSERT INTO public.revinfo (rev, revtstmp) VALUES (14, 1721746106768);
INSERT INTO public.revinfo (rev, revtstmp) VALUES (15, 1721746142522);


--
-- TOC entry 3352 (class 0 OID 35070)
-- Dependencies: 235
-- Data for Name: knowledge_artifact_revisions; Type: TABLE DATA; Schema: public; Owner: planqk
--

INSERT INTO public.knowledge_artifact_revisions (id, rev, revtype, creation_date, last_modified_at) VALUES ('0f6587f3-6b6b-4dd4-98aa-b464913b8c14', 2, 0, NULL, NULL);
INSERT INTO public.knowledge_artifact_revisions (id, rev, revtype, creation_date, last_modified_at) VALUES ('0f6587f3-6b6b-4dd4-98aa-b464913b8c14', 3, 1, NULL, NULL);
INSERT INTO public.knowledge_artifact_revisions (id, rev, revtype, creation_date, last_modified_at) VALUES ('03223c33-7cd2-4496-84c9-c654da405b19', 4, 0, NULL, NULL);
INSERT INTO public.knowledge_artifact_revisions (id, rev, revtype, creation_date, last_modified_at) VALUES ('03223c33-7cd2-4496-84c9-c654da405b19', 5, 1, NULL, NULL);
INSERT INTO public.knowledge_artifact_revisions (id, rev, revtype, creation_date, last_modified_at) VALUES ('03223c33-7cd2-4496-84c9-c654da405b19', 6, 1, NULL, NULL);
INSERT INTO public.knowledge_artifact_revisions (id, rev, revtype, creation_date, last_modified_at) VALUES ('03223c33-7cd2-4496-84c9-c654da405b19', 7, 1, NULL, NULL);
INSERT INTO public.knowledge_artifact_revisions (id, rev, revtype, creation_date, last_modified_at) VALUES ('03223c33-7cd2-4496-84c9-c654da405b19', 8, 1, NULL, NULL);
INSERT INTO public.knowledge_artifact_revisions (id, rev, revtype, creation_date, last_modified_at) VALUES ('03223c33-7cd2-4496-84c9-c654da405b19', 9, 1, NULL, NULL);
INSERT INTO public.knowledge_artifact_revisions (id, rev, revtype, creation_date, last_modified_at) VALUES ('03223c33-7cd2-4496-84c9-c654da405b19', 10, 1, NULL, NULL);
INSERT INTO public.knowledge_artifact_revisions (id, rev, revtype, creation_date, last_modified_at) VALUES ('14ad80b5-0498-482d-b3b5-d053e349b130', 11, 0, NULL, NULL);
INSERT INTO public.knowledge_artifact_revisions (id, rev, revtype, creation_date, last_modified_at) VALUES ('a51667c1-e70c-45e4-b427-127e2e2d2208', 12, 0, NULL, NULL);
INSERT INTO public.knowledge_artifact_revisions (id, rev, revtype, creation_date, last_modified_at) VALUES ('61a59337-853b-4fff-83a8-367946e3c365', 13, 0, NULL, NULL);
INSERT INTO public.knowledge_artifact_revisions (id, rev, revtype, creation_date, last_modified_at) VALUES ('14ad80b5-0498-482d-b3b5-d053e349b130', 14, 1, NULL, NULL);
INSERT INTO public.knowledge_artifact_revisions (id, rev, revtype, creation_date, last_modified_at) VALUES ('61a59337-853b-4fff-83a8-367946e3c365', 15, 1, NULL, NULL);


--
-- TOC entry 3326 (class 0 OID 34960)
-- Dependencies: 209
-- Data for Name: algorithm_revisions; Type: TABLE DATA; Schema: public; Owner: planqk
--

INSERT INTO public.algorithm_revisions (id, rev, acronym, algo_parameter, assumptions, computation_model, input_format, intent, name, output_format, problem, solution) VALUES ('0f6587f3-6b6b-4dd4-98aa-b464913b8c14', 2, NULL, NULL, NULL, 2, NULL, NULL, 'Quantum Approximate Optimization Algorithm', NULL, NULL, NULL);
INSERT INTO public.algorithm_revisions (id, rev, acronym, algo_parameter, assumptions, computation_model, input_format, intent, name, output_format, problem, solution) VALUES ('0f6587f3-6b6b-4dd4-98aa-b464913b8c14', 3, 'QAOA', NULL, NULL, 2, NULL, NULL, 'Quantum Approximate Optimization Algorithm', NULL, NULL, NULL);
INSERT INTO public.algorithm_revisions (id, rev, acronym, algo_parameter, assumptions, computation_model, input_format, intent, name, output_format, problem, solution) VALUES ('a51667c1-e70c-45e4-b427-127e2e2d2208', 12, NULL, NULL, NULL, 1, NULL, NULL, 'K-Means', NULL, NULL, NULL);


--
-- TOC entry 3372 (class 0 OID 35142)
-- Dependencies: 255
-- Data for Name: tag; Type: TABLE DATA; Schema: public; Owner: planqk
--

INSERT INTO public.tag (value, category) VALUES ('Phase Estimation', 'Subroutine');
INSERT INTO public.tag (value, category) VALUES ('Reinforcement learning', 'Algorithm class');
INSERT INTO public.tag (value, category) VALUES ('Classification', 'Algorithm class');
INSERT INTO public.tag (value, category) VALUES ('Factorization', 'Algorithm class');


--
-- TOC entry 3327 (class 0 OID 34966)
-- Dependencies: 210
-- Data for Name: algorithm_tag; Type: TABLE DATA; Schema: public; Owner: planqk
--

INSERT INTO public.algorithm_tag (algorithm_id, tag_value) VALUES ('b61578ed-df66-44ec-954c-9bcf9906f490', 'Phase Estimation');
INSERT INTO public.algorithm_tag (algorithm_id, tag_value) VALUES ('4ab28e22-cdf9-45f8-b872-f4d9d2757b6d', 'Reinforcement learning');
INSERT INTO public.algorithm_tag (algorithm_id, tag_value) VALUES ('16aa96c5-b668-4df9-a03f-96d323708676', 'Classification');
INSERT INTO public.algorithm_tag (algorithm_id, tag_value) VALUES ('9aa16271-6ea1-4e15-ad9d-6e6e264a0ad0', 'Classification');
INSERT INTO public.algorithm_tag (algorithm_id, tag_value) VALUES ('b5df6c13-e619-496c-ada0-80fc3486f733', 'Factorization');


--
-- TOC entry 3329 (class 0 OID 34972)
-- Dependencies: 212
-- Data for Name: classic_algorithm; Type: TABLE DATA; Schema: public; Owner: planqk
--



--
-- TOC entry 3330 (class 0 OID 34975)
-- Dependencies: 213
-- Data for Name: classic_algorithm_revisions; Type: TABLE DATA; Schema: public; Owner: planqk
--



--
-- TOC entry 3344 (class 0 OID 35037)
-- Dependencies: 227
-- Data for Name: implementation; Type: TABLE DATA; Schema: public; Owner: planqk
--

INSERT INTO public.implementation (assumptions, contributors, dependencies, description, input_format, license, link, name, technology, output_format, parameter, problem_statement, version, id, implemented_algorithm_id) VALUES (NULL, NULL, 'Python3', NULL, 'U: Float Array; Precision: Integer', NULL, NULL, 'forest-qpe', NULL, 'Eigenvalue: Integer Array', 'U: unitary matrix; precision: precision > 0', NULL, NULL, 'b3b616b6-6e4a-49b1-baf7-f08fa962a441', 'b61578ed-df66-44ec-954c-9bcf9906f490');
INSERT INTO public.implementation (assumptions, contributors, dependencies, description, input_format, license, link, name, technology, output_format, parameter, problem_statement, version, id, implemented_algorithm_id) VALUES (NULL, NULL, 'Python3', NULL, 'N: Integer', NULL, NULL, 'forest-shor', NULL, 'Factors: Integer Array', 'N: N > 2', NULL, NULL, 'e07898e3-280f-4701-9d54-7d051af8d448', 'b5df6c13-e619-496c-ada0-80fc3486f733');
INSERT INTO public.implementation (assumptions, contributors, dependencies, description, input_format, license, link, name, technology, output_format, parameter, problem_statement, version, id, implemented_algorithm_id) VALUES (NULL, NULL, 'Python3', NULL, 'N: Integer', NULL, NULL, 'qiskit-aqua-shor', NULL, 'Factors: Integer Array', 'N: N > 2', NULL, NULL, '170eff66-733f-4043-a56b-3189bf474d62', 'b5df6c13-e619-496c-ada0-80fc3486f733');
INSERT INTO public.implementation (assumptions, contributors, dependencies, description, input_format, license, link, name, technology, output_format, parameter, problem_statement, version, id, implemented_algorithm_id) VALUES (NULL, NULL, 'Python3', NULL, NULL, NULL, NULL, 'qiskit-qpe', NULL, NULL, NULL, NULL, NULL, '1066e01c-e3ac-4830-b610-eb613187850c', 'b61578ed-df66-44ec-954c-9bcf9906f490');
INSERT INTO public.implementation (assumptions, contributors, dependencies, description, input_format, license, link, name, technology, output_format, parameter, problem_statement, version, id, implemented_algorithm_id) VALUES (NULL, NULL, NULL, NULL, NULL, NULL, NULL, 'grover-fix-sat-qiskit', NULL, NULL, NULL, NULL, NULL, '8179d686-afa1-4f03-8ec9-95899002488a', '3c7722e2-09c3-4667-9a0d-a45d3ddc42ae');
INSERT INTO public.implementation (assumptions, contributors, dependencies, description, input_format, license, link, name, technology, output_format, parameter, problem_statement, version, id, implemented_algorithm_id) VALUES (NULL, NULL, NULL, NULL, NULL, NULL, NULL, 'grover-general-sat-qiskit', NULL, NULL, NULL, NULL, NULL, '7de45de7-aca2-4966-a5f9-8ef018688722', '3c7722e2-09c3-4667-9a0d-a45d3ddc42ae');
INSERT INTO public.implementation (assumptions, contributors, dependencies, description, input_format, license, link, name, technology, output_format, parameter, problem_statement, version, id, implemented_algorithm_id) VALUES (NULL, NULL, NULL, NULL, NULL, NULL, NULL, 'grover-fix-truthtable-qiskit', NULL, NULL, NULL, NULL, NULL, '10bc87a9-9317-41c8-8d19-fc6594d23383', '0e5af2cf-f3c8-48dd-9743-cfdea65f320f');
INSERT INTO public.implementation (assumptions, contributors, dependencies, description, input_format, license, link, name, technology, output_format, parameter, problem_statement, version, id, implemented_algorithm_id) VALUES (NULL, NULL, NULL, NULL, NULL, NULL, NULL, 'grover-general-truthtable-qiskit', NULL, NULL, NULL, NULL, NULL, 'e7a33256-0ab4-4baa-a805-0296b97960d6', '0e5af2cf-f3c8-48dd-9743-cfdea65f320f');
INSERT INTO public.implementation (assumptions, contributors, dependencies, description, input_format, license, link, name, technology, output_format, parameter, problem_statement, version, id, implemented_algorithm_id) VALUES (NULL, NULL, NULL, NULL, NULL, NULL, NULL, 'shor-fix-15-qiskit', NULL, NULL, NULL, NULL, NULL, 'c293bbf4-b8cf-4393-a403-a359a77b868c', 'b5df6c13-e619-496c-ada0-80fc3486f733');
INSERT INTO public.implementation (assumptions, contributors, dependencies, description, input_format, license, link, name, technology, output_format, parameter, problem_statement, version, id, implemented_algorithm_id) VALUES (NULL, NULL, NULL, NULL, NULL, NULL, NULL, 'shor-general-qiskit', NULL, NULL, NULL, NULL, NULL, '816a96fc-696d-419f-8bd4-98752cc72aac', 'b5df6c13-e619-496c-ada0-80fc3486f733');
INSERT INTO public.implementation (assumptions, contributors, dependencies, description, input_format, license, link, name, technology, output_format, parameter, problem_statement, version, id, implemented_algorithm_id) VALUES (NULL, NULL, NULL, NULL, NULL, NULL, NULL, 'simon-general-qiskit', NULL, NULL, NULL, NULL, NULL, '649859eb-7709-4beb-9738-d57f11d80455', '871f7eea-4722-4728-8cd9-1e61fe2dd285');
INSERT INTO public.implementation (assumptions, contributors, dependencies, description, input_format, license, link, name, technology, output_format, parameter, problem_statement, version, id, implemented_algorithm_id) VALUES (NULL, NULL, NULL, NULL, NULL, NULL, NULL, 'QAOA_workflow_implementation', NULL, NULL, NULL, NULL, NULL, '03223c33-7cd2-4496-84c9-c654da405b19', '0f6587f3-6b6b-4dd4-98aa-b464913b8c14');
INSERT INTO public.implementation (assumptions, contributors, dependencies, description, input_format, license, link, name, technology, output_format, parameter, problem_statement, version, id, implemented_algorithm_id) VALUES (NULL, NULL, NULL, NULL, NULL, NULL, NULL, 'QSVM workflow implementation', NULL, NULL, NULL, NULL, NULL, '14ad80b5-0498-482d-b3b5-d053e349b130', '16aa96c5-b668-4df9-a03f-96d323708676');
INSERT INTO public.implementation (assumptions, contributors, dependencies, description, input_format, license, link, name, technology, output_format, parameter, problem_statement, version, id, implemented_algorithm_id) VALUES (NULL, NULL, NULL, NULL, NULL, NULL, NULL, 'K-Means workflow implementation', NULL, NULL, NULL, NULL, NULL, '61a59337-853b-4fff-83a8-367946e3c365', 'a51667c1-e70c-45e4-b427-127e2e2d2208');


--
-- TOC entry 3331 (class 0 OID 34978)
-- Dependencies: 214
-- Data for Name: classic_implementation; Type: TABLE DATA; Schema: public; Owner: planqk
--



--
-- TOC entry 3348 (class 0 OID 35055)
-- Dependencies: 231
-- Data for Name: implementation_revisions; Type: TABLE DATA; Schema: public; Owner: planqk
--

INSERT INTO public.implementation_revisions (id, rev, assumptions, contributors, dependencies, description, input_format, license, name, output_format, parameter, problem_statement, technology, version, implemented_algorithm_id) VALUES ('03223c33-7cd2-4496-84c9-c654da405b19', 4, NULL, NULL, NULL, NULL, NULL, NULL, 'QAOA_workflow_implementation', NULL, NULL, NULL, NULL, NULL, '0f6587f3-6b6b-4dd4-98aa-b464913b8c14');
INSERT INTO public.implementation_revisions (id, rev, assumptions, contributors, dependencies, description, input_format, license, name, output_format, parameter, problem_statement, technology, version, implemented_algorithm_id) VALUES ('03223c33-7cd2-4496-84c9-c654da405b19', 5, NULL, NULL, NULL, NULL, NULL, NULL, 'QAOA_workflow_implementation', NULL, NULL, NULL, NULL, NULL, '0f6587f3-6b6b-4dd4-98aa-b464913b8c14');
INSERT INTO public.implementation_revisions (id, rev, assumptions, contributors, dependencies, description, input_format, license, name, output_format, parameter, problem_statement, technology, version, implemented_algorithm_id) VALUES ('03223c33-7cd2-4496-84c9-c654da405b19', 6, NULL, NULL, NULL, NULL, NULL, NULL, 'QAOA_workflow_implementation', NULL, NULL, NULL, NULL, NULL, '0f6587f3-6b6b-4dd4-98aa-b464913b8c14');
INSERT INTO public.implementation_revisions (id, rev, assumptions, contributors, dependencies, description, input_format, license, name, output_format, parameter, problem_statement, technology, version, implemented_algorithm_id) VALUES ('03223c33-7cd2-4496-84c9-c654da405b19', 7, NULL, NULL, NULL, NULL, NULL, NULL, 'QAOA_workflow_implementation', NULL, NULL, NULL, NULL, NULL, '0f6587f3-6b6b-4dd4-98aa-b464913b8c14');
INSERT INTO public.implementation_revisions (id, rev, assumptions, contributors, dependencies, description, input_format, license, name, output_format, parameter, problem_statement, technology, version, implemented_algorithm_id) VALUES ('03223c33-7cd2-4496-84c9-c654da405b19', 8, NULL, NULL, NULL, NULL, NULL, NULL, 'QAOA_workflow_implementation', NULL, NULL, NULL, NULL, NULL, '0f6587f3-6b6b-4dd4-98aa-b464913b8c14');
INSERT INTO public.implementation_revisions (id, rev, assumptions, contributors, dependencies, description, input_format, license, name, output_format, parameter, problem_statement, technology, version, implemented_algorithm_id) VALUES ('03223c33-7cd2-4496-84c9-c654da405b19', 9, NULL, NULL, NULL, NULL, NULL, NULL, 'QAOA_workflow_implementation', NULL, NULL, NULL, NULL, NULL, '0f6587f3-6b6b-4dd4-98aa-b464913b8c14');
INSERT INTO public.implementation_revisions (id, rev, assumptions, contributors, dependencies, description, input_format, license, name, output_format, parameter, problem_statement, technology, version, implemented_algorithm_id) VALUES ('03223c33-7cd2-4496-84c9-c654da405b19', 10, NULL, NULL, NULL, NULL, NULL, NULL, 'QAOA_workflow_implementation', NULL, NULL, NULL, NULL, NULL, '0f6587f3-6b6b-4dd4-98aa-b464913b8c14');
INSERT INTO public.implementation_revisions (id, rev, assumptions, contributors, dependencies, description, input_format, license, name, output_format, parameter, problem_statement, technology, version, implemented_algorithm_id) VALUES ('14ad80b5-0498-482d-b3b5-d053e349b130', 11, NULL, NULL, NULL, NULL, NULL, NULL, 'QSVM workflow implementation', NULL, NULL, NULL, NULL, NULL, '16aa96c5-b668-4df9-a03f-96d323708676');
INSERT INTO public.implementation_revisions (id, rev, assumptions, contributors, dependencies, description, input_format, license, name, output_format, parameter, problem_statement, technology, version, implemented_algorithm_id) VALUES ('61a59337-853b-4fff-83a8-367946e3c365', 13, NULL, NULL, NULL, NULL, NULL, NULL, 'K-Means workflow implementation', NULL, NULL, NULL, NULL, NULL, 'a51667c1-e70c-45e4-b427-127e2e2d2208');
INSERT INTO public.implementation_revisions (id, rev, assumptions, contributors, dependencies, description, input_format, license, name, output_format, parameter, problem_statement, technology, version, implemented_algorithm_id) VALUES ('14ad80b5-0498-482d-b3b5-d053e349b130', 14, NULL, NULL, NULL, NULL, NULL, NULL, 'QSVM workflow implementation', NULL, NULL, NULL, NULL, NULL, '16aa96c5-b668-4df9-a03f-96d323708676');
INSERT INTO public.implementation_revisions (id, rev, assumptions, contributors, dependencies, description, input_format, license, name, output_format, parameter, problem_statement, technology, version, implemented_algorithm_id) VALUES ('61a59337-853b-4fff-83a8-367946e3c365', 15, NULL, NULL, NULL, NULL, NULL, NULL, 'K-Means workflow implementation', NULL, NULL, NULL, NULL, NULL, 'a51667c1-e70c-45e4-b427-127e2e2d2208');


--
-- TOC entry 3332 (class 0 OID 34981)
-- Dependencies: 215
-- Data for Name: classic_implementation_revisions; Type: TABLE DATA; Schema: public; Owner: planqk
--



--
-- TOC entry 3333 (class 0 OID 34984)
-- Dependencies: 216
-- Data for Name: cloud_service; Type: TABLE DATA; Schema: public; Owner: planqk
--

INSERT INTO public.cloud_service (id, cost_model, description, name, provider, url) VALUES ('7ac0786f-4d4d-4ab6-beb8-6d3c9d80857d', NULL, NULL, 'IBMQ', 'IBM', 'https://quantum-computing.ibm.com/');
INSERT INTO public.cloud_service (id, cost_model, description, name, provider, url) VALUES ('bac9b43d-6ced-41c6-ae85-ef065e280d8b', NULL, NULL, 'Rigetti', 'Rigetti', 'https://www.rigetti.com/');


--
-- TOC entry 3335 (class 0 OID 34993)
-- Dependencies: 218
-- Data for Name: compute_resource; Type: TABLE DATA; Schema: public; Owner: planqk
--

INSERT INTO public.compute_resource (dtype, id, name, quantum_computation_model, technology, vendor, qprov_origin) VALUES ('ComputeResource', 'faea0025-9096-4582-b2f9-93096358dbc2', 'ibmq_16_melbourne', 0, '', 'IBMQ', NULL);
INSERT INTO public.compute_resource (dtype, id, name, quantum_computation_model, technology, vendor, qprov_origin) VALUES ('ComputeResource', 'c0fc8141-4d19-4654-910b-109882b4b99b', 'ibmqx2', 0, NULL, 'IBMQ', NULL);
INSERT INTO public.compute_resource (dtype, id, name, quantum_computation_model, technology, vendor, qprov_origin) VALUES ('ComputeResource', '2e683cee-8363-4327-8765-3b5f957acc90', 'Rigetti 19Q', 0, 'Superconducting', 'Rigetti', NULL);
INSERT INTO public.compute_resource (dtype, id, name, quantum_computation_model, technology, vendor, qprov_origin) VALUES ('ComputeResource', '82df8861-b7de-464d-9dab-4adabbe78cd2', 'Rigetti 8Q', 0, 'Superconducting', 'Rigetti', NULL);


--
-- TOC entry 3334 (class 0 OID 34990)
-- Dependencies: 217
-- Data for Name: cloud_services_compute_resources; Type: TABLE DATA; Schema: public; Owner: planqk
--

INSERT INTO public.cloud_services_compute_resources (cloud_service_id, compute_resource_id) VALUES ('7ac0786f-4d4d-4ab6-beb8-6d3c9d80857d', 'faea0025-9096-4582-b2f9-93096358dbc2');
INSERT INTO public.cloud_services_compute_resources (cloud_service_id, compute_resource_id) VALUES ('bac9b43d-6ced-41c6-ae85-ef065e280d8b', '2e683cee-8363-4327-8765-3b5f957acc90');
INSERT INTO public.cloud_services_compute_resources (cloud_service_id, compute_resource_id) VALUES ('7ac0786f-4d4d-4ab6-beb8-6d3c9d80857d', 'c0fc8141-4d19-4654-910b-109882b4b99b');
INSERT INTO public.cloud_services_compute_resources (cloud_service_id, compute_resource_id) VALUES ('bac9b43d-6ced-41c6-ae85-ef065e280d8b', '82df8861-b7de-464d-9dab-4adabbe78cd2');


--
-- TOC entry 3337 (class 0 OID 35002)
-- Dependencies: 220
-- Data for Name: compute_resource_property_type; Type: TABLE DATA; Schema: public; Owner: planqk
--

INSERT INTO public.compute_resource_property_type (id, datatype, description, name) VALUES ('e658e9bb-ca15-4b3a-9dd2-833ccd144e50', 0, '', 'Number of Qubits');
INSERT INTO public.compute_resource_property_type (id, datatype, description, name) VALUES ('6fd6e29e-8fa4-4682-9ea6-f1b9a1cb2553', 2, '', 't1');
INSERT INTO public.compute_resource_property_type (id, datatype, description, name) VALUES ('ff58dc2e-b805-4d32-b2ac-a059464e5102', 0, '', 'Max gate time');


--
-- TOC entry 3336 (class 0 OID 34999)
-- Dependencies: 219
-- Data for Name: compute_resource_property; Type: TABLE DATA; Schema: public; Owner: planqk
--

INSERT INTO public.compute_resource_property (id, value, algorithm_id, compute_resource_id, compute_resource_property_type_id, implementation_id) VALUES ('92376664-12fc-4143-9ce3-0ce2a7372e05', '15', NULL, 'faea0025-9096-4582-b2f9-93096358dbc2', 'e658e9bb-ca15-4b3a-9dd2-833ccd144e50', NULL);
INSERT INTO public.compute_resource_property (id, value, algorithm_id, compute_resource_id, compute_resource_property_type_id, implementation_id) VALUES ('f052fab4-8fa7-4b20-a053-a655f362e5b7', '50063.8361', NULL, 'faea0025-9096-4582-b2f9-93096358dbc2', '6fd6e29e-8fa4-4682-9ea6-f1b9a1cb2553', NULL);
INSERT INTO public.compute_resource_property (id, value, algorithm_id, compute_resource_id, compute_resource_property_type_id, implementation_id) VALUES ('5d57ecb5-f071-472f-a0c3-213d99569f8e', '1043', NULL, 'faea0025-9096-4582-b2f9-93096358dbc2', 'ff58dc2e-b805-4d32-b2ac-a059464e5102', NULL);
INSERT INTO public.compute_resource_property (id, value, algorithm_id, compute_resource_id, compute_resource_property_type_id, implementation_id) VALUES ('29d3b8b6-9523-4610-9587-98a1019035e0', '5', NULL, 'c0fc8141-4d19-4654-910b-109882b4b99b', 'e658e9bb-ca15-4b3a-9dd2-833ccd144e50', NULL);
INSERT INTO public.compute_resource_property (id, value, algorithm_id, compute_resource_id, compute_resource_property_type_id, implementation_id) VALUES ('039b068c-cadd-4a95-a408-e3f058a540e2', '62104.6608', NULL, 'c0fc8141-4d19-4654-910b-109882b4b99b', '6fd6e29e-8fa4-4682-9ea6-f1b9a1cb2553', NULL);
INSERT INTO public.compute_resource_property (id, value, algorithm_id, compute_resource_id, compute_resource_property_type_id, implementation_id) VALUES ('428ac66a-c08d-441c-96a7-3c5976daa08d', '391', NULL, 'c0fc8141-4d19-4654-910b-109882b4b99b', 'ff58dc2e-b805-4d32-b2ac-a059464e5102', NULL);
INSERT INTO public.compute_resource_property (id, value, algorithm_id, compute_resource_id, compute_resource_property_type_id, implementation_id) VALUES ('79834b76-82d5-4962-b78a-012f374fe4b1', '20', NULL, '2e683cee-8363-4327-8765-3b5f957acc90', 'e658e9bb-ca15-4b3a-9dd2-833ccd144e50', NULL);
INSERT INTO public.compute_resource_property (id, value, algorithm_id, compute_resource_id, compute_resource_property_type_id, implementation_id) VALUES ('064f93f4-d50a-49ae-a7e4-ea36fc67a662', '20330', NULL, '2e683cee-8363-4327-8765-3b5f957acc90', '6fd6e29e-8fa4-4682-9ea6-f1b9a1cb2553', NULL);
INSERT INTO public.compute_resource_property (id, value, algorithm_id, compute_resource_id, compute_resource_property_type_id, implementation_id) VALUES ('51d3b698-0698-4058-bb9b-2de809a3a704', '214', NULL, '2e683cee-8363-4327-8765-3b5f957acc90', 'ff58dc2e-b805-4d32-b2ac-a059464e5102', NULL);
INSERT INTO public.compute_resource_property (id, value, algorithm_id, compute_resource_id, compute_resource_property_type_id, implementation_id) VALUES ('486fbc6f-20b2-4247-8742-b36cfd5b3c44', '8', NULL, '82df8861-b7de-464d-9dab-4adabbe78cd2', 'e658e9bb-ca15-4b3a-9dd2-833ccd144e50', NULL);
INSERT INTO public.compute_resource_property (id, value, algorithm_id, compute_resource_id, compute_resource_property_type_id, implementation_id) VALUES ('d772d10b-0614-480a-b2ec-b33a32d74e42', '13406.25', NULL, '82df8861-b7de-464d-9dab-4adabbe78cd2', '6fd6e29e-8fa4-4682-9ea6-f1b9a1cb2553', NULL);
INSERT INTO public.compute_resource_property (id, value, algorithm_id, compute_resource_id, compute_resource_property_type_id, implementation_id) VALUES ('dde0fa28-a69d-4e51-83c7-5e23d06aeb2a', '198', NULL, '82df8861-b7de-464d-9dab-4adabbe78cd2', 'ff58dc2e-b805-4d32-b2ac-a059464e5102', NULL);


--
-- TOC entry 3339 (class 0 OID 35011)
-- Dependencies: 222
-- Data for Name: discussion_topic; Type: TABLE DATA; Schema: public; Owner: planqk
--



--
-- TOC entry 3338 (class 0 OID 35008)
-- Dependencies: 221
-- Data for Name: discussion_comment; Type: TABLE DATA; Schema: public; Owner: planqk
--



--
-- TOC entry 3340 (class 0 OID 35017)
-- Dependencies: 223
-- Data for Name: file; Type: TABLE DATA; Schema: public; Owner: planqk
--

INSERT INTO public.file (fileurl, mime_type, name, id) VALUES ('ibm-mitigation.zip', 'application/zip', 'ibm-mitigation.zip', '4dc9b29d-9e71-4d6a-9dc5-9af8e8ff2746');
INSERT INTO public.file (fileurl, mime_type, name, id) VALUES ('warm-start.zip', 'application/zip', 'warm-start.zip', 'aec24380-8ee8-4fee-9dd4-ab28cfbfca0b');
INSERT INTO public.file (fileurl, mime_type, name, id) VALUES ('cutting.zip', 'application/x-zip-compressed', 'cutting.zip', 'dacf328e-ce3b-4acc-b7a5-3ec07cd010ab');
INSERT INTO public.file (fileurl, mime_type, name, id) VALUES ('qaoa.bpmn', 'application/octet-stream', 'qaoa.bpmn', '03408d61-c4ec-4261-932a-dcb90e37fef8');
INSERT INTO public.file (fileurl, mime_type, name, id) VALUES ('qsvm_sol.bpmn', 'application/octet-stream', 'qsvm_sol.bpmn', 'c41fe57e-3a0d-422d-a6c4-6dcec298964a');
INSERT INTO public.file (fileurl, mime_type, name, id) VALUES ('kmeans_sol.bpmn', 'application/octet-stream', 'kmeans_sol.bpmn', '8bca8adb-8b27-4533-8d49-7b9b37ecbc27');


--
-- TOC entry 3341 (class 0 OID 35023)
-- Dependencies: 224
-- Data for Name: file_data; Type: TABLE DATA; Schema: public; Owner: planqk
--

INSERT INTO public.file_data (id, data, file_id) VALUES ('d02108eb-34bb-4eb9-b0b5-42b46a227755', '\x504b0304140000000800825d6f58ab06e96f2c020000610400001c00000069626d2d6d697469676174696f6e2f6465746563746f722e62706d6e8d545d6fda30147d9fb4ff10f9711a38e968c5a2a6550b549b443a0a74afc889ef126fb11d6c07427ffdec848fc054694ff1b5ef39f7dc731ddfded7bcf036a03493224241df471e88545226b208bd2e9f7a43747ff7f1c36d52721152f8c5043336557b162774e8b623941b5386186fb7dbbee4595faa0ceb1252fc388b9ff1951ff8fef5d500c73fc69329ea0029fb5fe8f8fb0147d3f731e37107313a20d6151186430bd31697319357493f951cbf2e96bd97ea411836c52f2e2f9ef49a6fc5074e01f2188dd0f8d4f62a5072f7351f22cf10958179261c74495238aa728df599c43acd819326b496d6a554065484f655bc585228409d8e7e1e6630e80fec14ace79ed7ba5e2a9982d68d9459bb5ef95f2090456df5e9490d69654852580d4655d0422d78df78a880505999895252c5b68d8cb8569644ff6928dd62e5bf5d5754d9b66cb10da34e294bf8679bb746debaac22f409799cd40f1934cb94142c510d510c2697b44d38b27736752e8db657cbf7eddda2427c63948298929d2b62cf05b02c4fa4caa5a47322f60564f21b52c336f05489d434c6b8ddd230cedef648ab673e8947523bfe361ec50b7bec22dc3a88bb169e4ca52c74f31d339229c21b1f3af12a389ad8499e1544c031b5896ca2e73226057010e6dff9ec69ce891639295ba2f9bba359053cbfa96a7f45d94589b3791df96d059a868fb212d4fe9bd6ee1bebf62e4243fbd9326af26602c8cb9ddba6ddc72775f852dea17f7c6940c7d67313dd2b812f9f89bbbf504b0304140000000800776ea358714d6c8d15020000210500002800000069626d2d6d697469676174696f6e2f67726f6f76792d7265706c6163656d656e742e67726f6f76797d94c16edb300c86ef01f20e824f769b2adbb5e90eeda1c006141830a097a130649b75d4589223535983a1ef3e4a761cb949e68b2df2d32f52fa65a95a6391d5d698dd9ebf7546f3abf94cf651636b5e0ae5742578d12a0eba961a7805af52140df09d681cf047d9c0b3ff9acf28c3b6ad63df18bc43e950925c0df82c6c989026944cb2550fa2d980fe0fea8446a7f280e5b250db7166699cc6eef2d43e3fe24abcdfd77019eff323ae8dec2057a682e6f29c003d7926c9e6b3a17357c850d6ef17b6f2c1576359aa4074ce82028d4ceaa1f68cfd9dcf183d6141ea729cfb65754c34b2c33c52ed33419581178bb54749ff4c24816f60cf1b3a3d5ca7d9112a2c88cdb0dc47a42d7da5a1147add455a34bebecea265a202b9a8aa545e7dcda6825132823df4e177a8b5b458a3d3217cd8c9d242453d49d184c66f5f888f62bc759826c118c9a2f751768e58bb82f20979e7a637cf0941be77ad674c4b5ad919a2b5e60d4af48c12529f9771b6f1c01ab1ed6e974be170cd07ffde9446112375cda90e4ea3a5686590e97bb5b075d0e1d8e730ee8507272f0eb6f9945612652dbc3b7305b836556857efc076144b3ee3a5ca6b88d10e05dd6d5b9d90fe9e2efc553e9138b6eeab3a8e4e14c2897a91c3d14ed2b4ad3b5981f5557c7f783a2920ba848444a3e09101ed90ec53d3ce69f8c37ed0bfebc1c98644d3219f71343f2d20ee7f05d29bffe0b8894416f61d9dd56c12a7f03f504b0304140000000800347ca3580638fb75d5040000000e00001f00000069626d2d6d697469676174696f6e2f7265706c6163656d656e742e62706d6ead57df6fdb380c7e2fd0ff41d0c321591b3bc9d67648970e6bd3013d5cd6dcdadbcb6108149b73b4da922bc94d83c3fef7a3fc534ed2a2bb5b1f1a4bfcf889a4489a7ef7fe3189c90328cda518d381d7a7044420432ea231fdebf663ef2d7d7fb6bff76e91266214c2372eb841a826a827f4c86e8fe9d29874e4fbabd5ca9349e44915f93a85c03f9f4d3ff9c3fea0df3f1abef1a7d793cb3fa8a318f297aa4eae2abd30785a673271342e2a8d8025990859ad56ae0bb5600909f3d16ddf1a44090fc774d27839ef2f4e783cd49418a622309f58023a6501d46c56cde3b2622a58e03195ca801ad33f3326ccf4924c650831a846f4a50af91befc8ebf7048f96265e7bc3fe70d83f1e9e508c392145d4532503d03ab76d563ccffbaf4dc407afd1607df9084166d82246a38ccaa050ad9435a8071ec02dd37739c14db39e0fc2e3f8989f5022d0ad319da2cf1133403e030b6566c8a55252e98aaf62844703c2da7e194302c2e85a8e8832b8a3400a018191ca113a622ed2cc5c6706ffb7009b901953681a86ab34119f9732a467b3eb9bdb77fe6ee84f112ed155707ddc524b58ba2574c41800b52677b01ed30f4100a9a1672c4d631e309b40fe772d4563680e7e21db85141867d3bb5da7f0f39c8d7cdbfe5f12b84cc5f4acac01b079d24b8af4410b7b65d28d8efa27035f41e2ff922353b68e250b9fb92b1d289e1a52fc7c942a61664c2325e5c3da6af1c4d61e29363c1b46efd5fe1e3635729f66648cb5692b091df0b0d4bf30c56d5175280a69f7b4001a7907e219a82df72c99e7b0395f24f7b5662033ac95a7550b790d4fd8e387089e8617f21a2e24d7304f6c97795a2707e59d8876f7f74acfb305cfcdfafb2b39b59bdfa4229d0498ce545ede848bd2f62ef9a7887c7e207a59ebf64f1b41ccb5993bac8524672560c95cee9ad2feb528c1c32af06210915976ba0d68a180dd95c7fd70b8b9b53437057f7e8bcda943875b07075de724c7468f856187bf1a74db9c8ed0015bd00f1ba454e179b1e894db5530030521bac5599cfb3efa8a7867cfc3a4eed03c37e861914add5d8865b64039c5f4e915f9b385c014ce528b912972757720f0a5f11d1bb0c5248c8bdd34b6881160cb58631db3cc2cbd32857b814c10836380877678b8f259ca739ac25705f7196853fb59ae0be232990fabccd91037ad625e7674ebae28c710ba090f9279042e541b86e5aec22da42dd5435bcd5b148debd6aa66b5c590dfa825a9aeb625c6b03e707c63582baecea75b06387588106795e74809d506d327c2c8095891dfb10d9d673c46d24e29ef7a46ce1418b3bec99136ffab8c6b5174f3b89b4c09d2dacf2fa9e9b9453ffc9f6f0199bfadb75ec8e5cc105e1437fe9f7b735bab48309d628cea49a2ddcbac1407b4a203b6954b451b5cb7d5db40dfc4994a415dc44c6b1e74ba5eca94865b1c693a56abbb4955459d7e2e8f232b6e96a4f67a5ee4f7885072909f8b3757ddd92ec3caabd2e996ecc5b7b5710fedf9aa7da73b06aced01ed2acc5fe3bd7aa32171310dc90e793321facf8e88a5d899498b31d777e7dc66f20df9c87e064c388bd0db7c7c75d6f3416bd22dc1b39809a8a1f90a81c4224a63b687e8f6805b12dd2c590a4f8dccf3906f70ee9aabdda085c1e81c7325c40f27fccc3ac6cf2c9cf1dee2cf8a8766895b7d7c5e82fd0c28f6fd8da0ba66b5c2e93aee84b31dbc33db0f36bfe170f35f504b01021400140000000800825d6f58ab06e96f2c020000610400001c000000000000000100200000000000000069626d2d6d697469676174696f6e2f6465746563746f722e62706d6e504b01021400140000000800776ea358714d6c8d150200002105000028000000000000000100200000006602000069626d2d6d697469676174696f6e2f67726f6f76792d7265706c6163656d656e742e67726f6f7679504b01021400140000000800347ca3580638fb75d5040000000e00001f00000000000000010020000000c104000069626d2d6d697469676174696f6e2f7265706c6163656d656e742e62706d6e504b05060000000003000300ed000000d30900000000', '4dc9b29d-9e71-4d6a-9dc5-9af8e8ff2746');
INSERT INTO public.file_data (id, data, file_id) VALUES ('25406198-c1f3-48b5-b55f-f8a16cc86bcf', '\x504b0304140000000800835d6f583a77e11ef401000010040000180000007761726d2d73746172742f6465746563746f722e62706d6e8d53c16edb300cbd0fd83f083a0e8be574e9901a758b76ce80014d9722e9760c148bb38559922bc94bfaf7a5ecc471320cd8c924c547bff7085edfee5445fe8075d2e8948ea39812d0b9115217297d5e7d1d4de9edcdfb77d79b5ae944c02fa9a5c7564710a75d12ca292dbdaf13c6b6db6d645411195b305743ceee17f34776118fe3f8f262c2e6dfb3d9031d0085fc5f68f6ed8013f9bf315936407c39205e1aaebd820ee61057485f369b28378a3d2f57a3a7e64e7bf9c09e42df7c366abf8d9a0406944891d2ec287b3db6e6f5aa9c52e2b92dc03f7205aee639f4ac82b0481ae6f212146f53b474571bebc1a674ff173237022ab0c7a71f871d4ca2096e013d27a473bdb62607e75a2a8b2e5ec79f606caa1df273b31de48de79b0a3978db400745f05e78f2935bb544ba1e77bae2ee773b2804ebb8bedc087b45c976d032075f1aec6825f30acb1efa11b3a200fb91ecdf16dca27e24bfb08076d64823b844c94be7e15d55188b6eab947ea024afb87332e7d569d9420dbe73b7cb4da3058810b3ce0536b4e1688c9049d851267981345a55837c3dee8d18342f2aaea16f6d336c24a163568102edfff6783fe674d0b2e47537e8dcdeb3692746f7a37098c893fb20154f090fef331ede6b4aa7f8d94ae14b2cc51897208bd277757624c2ce991ca4b273ad03074ffd0a47cdceaffae60d504b0304140000000800c96c995814e5002f3b050000aa1000001b0000007761726d2d73746172742f7265706c6163656d656e742e62706d6ed558dd531b37107f6786ff41d54bec29beb39d045227260398cca453125a68fa10321e71276c059d749574604f26ff7b57d27de80e43489b97f260fbb41ffaed6f77a55b5ebd5e651cdd50a59914533c8a86185191c89489c514ff79fe66f002bfdedfde7a7599676292d22b269801558dc04ee8895d9ee2a531f9248e6f6f6f23992d22a916b1ce69121f9e9ebc8bc7c3d170f87cfc2c3e793f3bfe0d0786297bace9ec6d659726f7dbcc6681c551659190ac1029a9cdca676f962c694662083bb6803062e914cf9a28e7c3cb3dc6c71a2343d4829a7724a33a2709adbd59b388c9ca93f74257b95486aa29febd20c29c1ca31399524e5523fa5051fe2c7a1e0d07822d9686afa3f1703c1eee8e5f60e01c21cf7aae6442b576d84efdeff9f0a959b0d15300ac8f5734290cb9e400caa8827ad3ca585375c3127a4ef4b57370d63ccf47e92edf65bf602420ac29fe8ba86c7006811ae46017193ae00ba99859661895b44d885e8be4e0ca45e7b6ab257495f042b31b707545b8ae815450e8ca5061833ee634a3c2e85a0e1a9593440a41132355200cc44ce485795f18f86c2974554e8982980064191bfc5eca14ef9fbe3f3b7f156f56fd2e874b4a524821ee18056619c9ef08033110a0d6e89aaea7f82049686ef03ec973ce12622b2ffeaca568803ae5477a3b9202783683f3754ebfdf6723bf8bff871057288ef7ab0eb615a76dc5c17133284b75f27cb8b717bb0e241ccad1d013b23a2acc0fd93d276b2e49fa40da74a2586e90ff7a235546cc142f9494376bbccf32dbbdc83f4696cfe857f8382c18876ad8deca1513868b1ef66d643baa0a0ff75f6e6fc1018ac0a1622b3485a3c0362e24268293e50351ccf6700f93f4f389537116db5bec0af54a1b26c09b48a8bc4267b020167df4c507526ffc074d28b4605a6d03aa060a0169a73f4118fd5c8aac776b5ae3f13fa254c9bc37ea47865cd372e38853b130cb5e7f306e5bd5468ae61c8ec503ce7bf8e242e31d8cfb9186d233f6f9d3cec5c5475c993624d11cd2636ab021bac8481f62afef69b09682dece6bb81f3ff9c52ba9508f7220a70aec4b935c4b78522805c53e274a91b5e59d77e07ef470db8b9fdc62e3a9467de4dd21e7ce436eedd0415ed95bec2077c05fb6018a22bb84b304446d47257f3b38f453e378e7ad3c82d2c546d6ec9f23c92b59a24af590a9006394177a596a83c7992c6c61b6a2f9da0eaccc99b7f34e2aedaf158c3a718d41b7207cdd23626f1704b5a13b25bb81daa689f4e626da09cadd61b18c2bfa7741b5b1c998d86c94cf1000f0bd50245fb6ec6c0bded3ad09275ac301cb9babb28f7e82200bce2b7a5bde3718ecdc77146c725ec6f10024a8636afcfbcb37b0849af78268b97bc4ee128e519a7e6be752ebfe5d2b37e58ea5b53fc67c11a1e0e8ed957238b6e4a9a2c6acab42690ee5968bbecbba299440adf597cd35e3af80ff78074af7aed2bd866ef5212b37fcb757912f639ddb53a37a67ea264ee790348a7dac4ed5d2d6bdbdce78a172a0b01fd996a3e7f09ed6b3ea017570ad785fc848c8985124312808c237a935eab468a033f57280d87b72592d3e0936097483ec04ab8fcf4d87f5ef4dce07c20bfa7f4e8c0be081a4387998901bbbd04e86d36925c2adfc982474da68c31bfddd89e06deade1b07f542e324d4699c6c90372349fce04c528a83e9c90f6471389135335aca2676609d31029747e606ade0793e6acd64a5f2292782d6aaee091491d528c1dc1df7da1355e9e86c49727acf70b7374f59c7e7a60930242d4d2687f6f085117f8a47bb438c60a878015fb72c354b581ac2ef25b503ab5f8f3ba486b05a7486810774b6c90341c972f0df0658fc07504b01021400140000000800835d6f583a77e11ef4010000100400001800000000000000010020000000000000007761726d2d73746172742f6465746563746f722e62706d6e504b01021400140000000800c96c995814e5002f3b050000aa1000001b000000000000000100200000002a0200007761726d2d73746172742f7265706c6163656d656e742e62706d6e504b050600000000020002008f0000009e0700000000', 'aec24380-8ee8-4fee-9dd4-ab28cfbfca0b');
INSERT INTO public.file_data (id, data, file_id) VALUES ('e35ae037-159a-4289-b830-3b816820f2f5', '\x504b0304140000000000c75eb7584a38345666070000660700001700000063757474696e672d636f6d62696e6174696f6e2e7a6970504b0304140000000800c66bb058932f7a96de010000c60300002100000063757474696e672d636f6d62696e6174696f6e2f6465746563746f722e62706d6e8d53516f9b30107e9fb4ff60f979c124225587caaa3564d2a4d2a56bba5764f005ac609bda66a4fdf53390041a69d39ef09dbfefeebbcfdccded4154e83768c3958cf0dcf33102992bc66511e1e7edb7d935befdf2f1c34d560b1932d871c9ad831ae478d2845d3ac2a5b5754848dbb69e1285a774414c0d39b9db240f64e1cf7d7fb90848f2235edfe30991f1ffa5c6df4f3c96ff9d13c713c6eac47869a8b402069a71bc82dbb2c9bc5c09f2fcb49d3d365fa5e5f7e4b1c325eb59ff6d44d029c088b308c7e3d8e9bce28dbff88c91a5ba00fb4005989ae67056d50de671454c5e82a07de82c3dd44a5bd0113e7641896250811eaf7e9dde20f002f70ace738406d76bad7230a697b219cea97f7813fe6be6f499f501f2c6d2ac721aac6e60a03af271f070d558eb9ef32798a6b22b25322e6937cc969a7d5fb43ba47e5617edaec2281fe009d852b9cbbd9bbc8b9155aacad4e1d30b377b6e3122834432d538aa663cec0c8c392d34157d9b499ccecf2a27e04d45259ca17de480a843ac2b1020edc4003d18702cf3bed05349eba1d0bf664ffda55e8af22d65fca2c970bb6b0309576307d783e5e19d6a2473bfbf5b962bb72caf11be769f96335bba94efce25f0a2b4439e8cfac8a5c09303e4d28289b1ef6dec16915c6ea24bfe01504b0304140000000800c66bb058bf0d82c950040000750c00002400000063757474696e672d636f6d62696e6174696f6e2f7265706c6163656d656e742e62706d6ead57db6edb38107d0f907f20f864636b49769a6de0c6299a3801bad8346ee3ed4b51180c45cb4c245225295fbae8bf7728515767b3e96e5f2c8973cee1cc70488e4fdf6c9318ad99d25c8a091e7a01464c501972114df05ff3abc1097e737678707a9726621cb22517dc005423e0093db6c313bc32261dfbfe66b3f16412795245be4e19f5cf67d7effd51300c82e3d14bfffa667af9276e1043fe5ceaf45dc90be93f73a6d306e3a264509264222415cd7d1734ba6209f1216cdf3a84110f27785a47b90882f54918261819a22266de9384e9945056a9599ac765a954a8b06d2a95616a823f644498eb4b742d431633559b3e95297fe91d7bc140f06865e29d370a46a3e168788c21e70815594f95a44cebdcb759f1be08962a5a455b70585f6e19cd0cb98bc129a33256504bb2666acd299b13fd900bd897c570b95cabfb5718098867822f6472c705431f99ce62a33172291a13bd13f4ed328f2497ae2c6c4be34cf335b09724d6d5a4e5b46c6b98b0015ec62c61c2e8ca0e8852844a21183552358c0d331769666e3203bf2d401732230ac200275d38f0be92213e9bdddcce4ffdc7a13f25b8622484e5c21d5283969074cfd8304302d40e3db0dd04bfa594a5069f91348d3925b6cafc7b2d45ed680e7ea6da851490673398ef52f6f39ab57ddfff5f92b84cc5f8acdc765cd18c9b01d4aa81c365e00a737c1cbcfadda74505ba02fc90c98707f24b3c48c92e96247c62e934553c35a8785c49951033c1919272bdc3673cb1bb15159f9ecda9f707fc9c673c868a383c48151726163db785202ee4e2d4b8fffaf0000e4c446506f58f26b0f5ed4685c5f1e024f94414b77bb6870b7b054fe0e4898861e1c5bff03ac05c802f51af33deffbb08bd72a36307d6f7562076708c30facd513c236f0d98a35ebf0aa958c36b66c89418f2446c6d60ee633d55dbe8e66c0f3e367991e027262d00b8ff39f8029c82a5d8d78c69cbfa3cb6a3eedb839aa9192f4af17e17a1b33b675a28774abe70f9d9c3824fb9b51dc91e2c13c2565bccbfb1b0218ae7f6a0dd776025cd4253808b68b124f6d404305c76c1fefcced1655ecc5652a64c7c253a396aeaea3caf9010c136a851d53d67ef43ee678a19b32b57a05ebb9644a1693225506bfc75bd838bddf53f8f18995f05dd1deeb6cf7fdce04569e814d250dd46ed6ab256e804ca25c9a13663dd33e136ce54cad4454cb4e6b4d7f752a2349bc345d8b3ac56e57f749a68c3cdca955151fe16fa48cd17e5618b37078083b9633086fb5f9aca575c90d8c12b4578ef6856cb656dcf5fa7ce0ab4afedf66a3e726fefdffbefc2fc76185403b54813d3681df6ed75e3e13fd9793873a31f2a5a2cbfd963d55d57c8c7b6059d721241b479ebd4f85e0c5b5d9603cf62025d5409cdbf00882cc239b3dfc0b5fb262774bb226921745bbbbb088ebf3d1cdd2f1721ef68b67aba66b6423a3e87e20aa15b9fe0a311f4f6d0339cc063c343b382763f80f715b3bd6731ee77b2d9f4a795c766c48d3cb6b3060697dec61f0718fc01504b01021400140000000800c66bb058932f7a96de010000c603000021000000000000000100200000000000000063757474696e672d636f6d62696e6174696f6e2f6465746563746f722e62706d6e504b01021400140000000800c66bb058bf0d82c950040000750c000024000000000000000100200000001d02000063757474696e672d636f6d62696e6174696f6e2f7265706c6163656d656e742e62706d6e504b05060000000002000200a1000000af0600000000504b0304140000000000c55eb75860f2fd92ec070000ec0700000f00000063757474696e672d6375742e7a6970504b0304140000000800c66bb05807f6752df3010000f30300001900000063757474696e672d6375742f6465746563746f722e62706d6e8d535d6f9b30147d9fb4ff60f9715a318992aa4365d51a32695293a64aba3d22631cb0826dea8f41fbeb67701268a6497bc2f7e31cdf73ccbdbd6b79057e53a59914319c0421045410993351c4f079f7fdea06de7dfdf8e136abb98872ba678219d7aa81c3091d75e91896c6d411424dd3049217815405d23525e87eb35aa3693809c3f97486568fc9f2018e8039fb5f68f2e384cbc9bf314932422c4e88178b85e1d4c3b4c315cc94360b88e4e879bbbb7ab2df84610fe8a9eb5b2daffaafe5b36e0208581ec364909d4e2a66c3e917080c5605356bcca9ae31a1e7a93a61019348939272dc87ced2b696ca5015c3e32d6025735a5135947e9ede6016ccdc2b38cf01f0aed74a12aa753fcac69fd3b07de3e16be6e6d3cb96126b7056b9198cb2d4431df8283c5a30452c330b6b8c7bd51dd6879eaa3ba4615617cdbe8280f8ea8a9a52bae2c1e9ed6260a4ac32d97e7e61fac00c041cb75b9b1d297fb1dc9431fcd4a7d79667543deedd3d7a941bba7d167965682c6d109bb3a8f33d61b85098f7738ee2747216376ade5458d0736b1fb946d0752c2bcaa93023df94f7ed48f39e685be2da13fd6d591aced59c976f69ce2ea87d75dfcc04bd1e781d734ea27b6945ee76c56dd6b5dbacd718deb84fe36d737f2a04256545697c1e0d53a1cbb14ebad1a5f0919defcdebb6165daead4bfe01504b03041400000008005d5eb7588cac37e1e10400002d1000001c00000063757474696e672d6375742f7265706c6163656d656e742e62706d6ed557db6ee336107d0f907f20f864a389243bc93670e22c367102a4682e5ba7db874561d0146db32b515a5e7c41d17fef50574a76d2a4cd4b81c09138338733676628cef9c7751ca125938a2762887b5e8011133409b9980ff1af4f3787a7f8e3c5fedef9348dc52064332eb8065585c04ea8815d1ee285d6e9c0f757ab9597c4732f91735fa58cfa978f77f77e3fe805c149ffd8bf7b185dff8c1dc390bfd674745bda85f4799bd1c8b1b82a2d28898d08496556bce76674c162e243d8be7508231e0ef1a88e721204cbd3308c31d244ce99be27315329a1ac42b3661e4f4aa41c85add3446a2687f8b32142df5da3bb24641193b5e84b49f9b177e2058782cf173ada78fda0dfeff57b2718384728673d9509654a65be3de6cf936026e78bf91a1c56d76b468d26d3089cd2d2b0dcb434564c2e39654f447dcb00ecc3a4772c3733055109886788af8c46575c52c3b5c2a8e06740d446d04fb32c8c0cb792b0358d8ce24b309d9148553b967bb2b566c246771db19809ad2a39689420341182519d4847e888b9488d7e301a7e1b0a6d954722210670b288059e1749882f1e1fc64fe7fe6ed537012e18092157b865e498c524dd123a6220406ed037b619e24f94b254e30b92a611a7c49698ff874a44ed68a6fc4ab4ab4400cffaf06993b2b763d6f26dffdf853823237c51f65c5e5d8750a81a4e96c3a22a0727c18f1f7c582cabef5d364ec9264a48f842c614953cd528ff7793c898e8219ecb24596ef0058f6d87a2fcd5b3547a3fc1cfa5e11114c2fe5e2ab9d091e8d8b6b1c1205ab64ef76c7f0f8ec872010da1db6d6f424a3c383cbe10c96d9b7670a180bb5f83df4b9b1cec2e2bdf172c5db56ac398acc7665a90f81b0ff5e279846ddd0c86cf506717cc100913455df4a725f32dfb1431de9bf8b39996ec20f4aa7d10aa48dea19b48d40647b1511a4d19224bc223eb000a8db4c99146681e33a4134b71952bb4e280a4170c56a5840e893648c1094d350b515cb38bd05ffb7bf0b733f2ed454f27b7d09473263bd6baca0e383a65f2610625a35e4c8dabe8e6a509d04e4a0bbe7f56fadc12b4565ef0b68eeb1ffd75545b1e374076f8dcdca4e17553b4b5b6e579552f599b668967df0d53daf33c5c07572c02e4d781edbc52094e91ba2b0fca2ae9b6358ac2384098189dc0a9c129de5622eb8932d30263b2ca5aec6047b1ecb4a436f107ed4ced5415267636aaad1c9eb6ec4aaf66d9a16723495226be13151fb991289d350fe48cad9073fa750a791712f02899d69b71a6d9e9d6296840e498da48811aeb67f5499f9fc2fff10b94643785f697a03e2dc98868f26fbf0879e5a814f8a86e2dcd4eb052b82eb282c34cd552d7fe888c23235326af22a214a79dae9712a9d8135c983ad6ca6111ff5240e627552b9201c2e887cc274844998206d72a7d3dc52df2dec6b172daffffcbaf13c5b3dc166e9ac83d3fec6bde5a2e1107b93dc4d0c11ce69c250f0d891add9a4156dedc7041a202bd72c0423f975e90bd4f825b9db6e3cabd7d65bf0db38bdd61b55083b83acead7f5b5ecf0cfe8b43432176e6987c34f2ddd9a89e96423eb0a3e3889339449b8d3ccefba4d7988e0ae5c7880856a9666fa088ac46e1ccf6e0d51c790aa0f182a439d0b87677121c1d9d42d49390b7301bb398cb5648079709d0055336cce41f602687ebfe29fccb3e26b014c0f382d999315ff75b6cbafe3478742376786cb20682825e67e087c5bf01504b01021400140000000800c66bb05807f6752df3010000f303000019000000000000000100200000000000000063757474696e672d6375742f6465746563746f722e62706d6e504b010214001400000008005d5eb7588cac37e1e10400002d1000001c000000000000000100200000002a02000063757474696e672d6375742f7265706c6163656d656e742e62706d6e504b0506000000000200020091000000450700000000504b01021400140000000000c75eb7584a383456660700006607000017000000000000000000200000000000000063757474696e672d636f6d62696e6174696f6e2e7a6970504b01021400140000000000c55eb75860f2fd92ec070000ec0700000f000000000000000000200000009b07000063757474696e672d6375742e7a6970504b0506000000000200020082000000b40f00000000', 'dacf328e-ce3b-4acc-b7a5-3ec07cd010ab');
INSERT INTO public.file_data (id, data, file_id) VALUES ('d8156a15-c647-481b-b253-a05e09923338', '\x3c3f786d6c2076657273696f6e3d22312e302220656e636f64696e673d225554462d38223f3e0a3c62706d6e3a646566696e6974696f6e7320786d6c6e733a62706d6e3d22687474703a2f2f7777772e6f6d672e6f72672f737065632f42504d4e2f32303130303532342f4d4f44454c2220786d6c6e733a62706d6e64693d22687474703a2f2f7777772e6f6d672e6f72672f737065632f42504d4e2f32303130303532342f44492220786d6c6e733a64633d22687474703a2f2f7777772e6f6d672e6f72672f737065632f44442f32303130303532342f44432220786d6c6e733a7175616e746d653d2268747470733a2f2f6769746875622e636f6d2f5553542d5175416e74694c2f5175616e744d452d5175616e74756d3442504d4e2220786d6c6e733a64693d22687474703a2f2f7777772e6f6d672e6f72672f737065632f44442f32303130303532342f44492220786d6c6e733a7873693d22687474703a2f2f7777772e77332e6f72672f323030312f584d4c536368656d612d696e7374616e63652220786d6c6e733a63616d756e64613d22687474703a2f2f63616d756e64612e6f72672f736368656d612f312e302f62706d6e222069643d22446566696e6974696f6e735f30777a6b63306222207461726765744e616d6573706163653d22687474703a2f2f62706d6e2e696f2f736368656d612f62706d6e22206578706f727465723d225175616e744d45204d6f64656c657222206578706f7274657256657273696f6e3d22342e352e302d6e696768746c792e3230323330313236223e0a20203c62706d6e3a70726f636573732069643d2250726f636573735f3037306d3570312220697345786563757461626c653d2274727565223e0a202020203c62706d6e3a656e644576656e742069643d22456e644576656e745f30706a71376672223e0a2020202020203c62706d6e3a696e636f6d696e673e53657175656e6365466c6f775f313334677967613c2f62706d6e3a696e636f6d696e673e0a202020203c2f62706d6e3a656e644576656e743e0a202020203c62706d6e3a73746172744576656e742069643d2253746172744576656e745f30656a366c7762223e0a2020202020203c62706d6e3a657874656e73696f6e456c656d656e74733e0a20202020202020203c63616d756e64613a666f726d446174613e0a202020202020202020203c63616d756e64613a666f726d4669656c642069643d2261646a4d617472697822206c6162656c3d22417272617920636f6e7461696e696e672061646a5f6d61747269782220747970653d22737472696e67222064656661756c7456616c75653d22205b5b302c332c332c365d2c5b332c302c342c345d2c5b332c342c302c335d2c5b362c342c332c305d5d22202f3e0a202020202020202020203c63616d756e64613a666f726d4669656c642069643d227175616e74756d5f746f6b656e5f69626d7122206c6162656c3d2249424d5120546f6b656e2220747970653d22737472696e6722202f3e0a202020202020202020203c63616d756e64613a666f726d4669656c642069643d2268756222206c6162656c3d2249424d51204875622220747970653d22737472696e67222064656661756c7456616c75653d2269626d2d7122202f3e0a202020202020202020203c63616d756e64613a666f726d4669656c642069643d2267726f757022206c6162656c3d2249424d512047726f75702220747970653d22737472696e67222064656661756c7456616c75653d226f70656e22202f3e0a202020202020202020203c63616d756e64613a666f726d4669656c642069643d2270726f6a65637422206c6162656c3d2249424d512050726f6a6563742220747970653d22737472696e67222064656661756c7456616c75653d226d61696e22202f3e0a202020202020202020203c63616d756e64613a666f726d4669656c642069643d2269626d7155726c22206c6162656c3d2249424d512055524c2220747970653d22737472696e67222064656661756c7456616c75653d2268747470733a2f2f617574682e7175616e74756d2d636f6d707574696e672e69626d2e636f6d2f61706922202f3e0a202020202020202020203c63616d756e64613a666f726d4669656c642069643d2271707522206c6162656c3d2249424d51204261636b656e64206e616d652220747970653d22737472696e67222064656661756c7456616c75653d2273696d756c61746f7222202f3e0a202020202020202020203c63616d756e64613a666f726d4669656c642069643d226e6f6973654d6f64656c22206c6162656c3d224e6f697365204d6f64656c2220747970653d22737472696e6722202f3e0a202020202020202020203c63616d756e64613a666f726d4669656c642069643d226f6e6c794d6561737572656d656e744572726f727322206c6162656c3d224e6f697365204d6f64656c20636f6e7461696e73206f6e6c79206d6561737572656d656e74206572726f72732220747970653d22626f6f6c65616e22202f3e0a202020202020202020203c63616d756e64613a666f726d4669656c642069643d2267616d6d6122206c6162656c3d2267616d6d612220747970653d22737472696e67222064656661756c7456616c75653d223122202f3e0a202020202020202020203c63616d756e64613a666f726d4669656c642069643d226265746122206c6162656c3d22626574612220747970653d22737472696e67222064656661756c7456616c75653d223122202f3e0a20202020202020203c2f63616d756e64613a666f726d446174613e0a2020202020203c2f62706d6e3a657874656e73696f6e456c656d656e74733e0a2020202020203c62706d6e3a6f7574676f696e673e53657175656e6365466c6f775f3131343630306c3c2f62706d6e3a6f7574676f696e673e0a202020203c2f62706d6e3a73746172744576656e743e0a202020203c62706d6e3a73657175656e6365466c6f772069643d2253657175656e6365466c6f775f3131343630306c2220736f757263655265663d2253746172744576656e745f30656a366c776222207461726765745265663d225461736b5f3030396873726b22202f3e0a202020203c7175616e746d653a7175616e74756d436972637569744c6f6164696e675461736b2069643d225461736b5f3030396873726b22206e616d653d2247656e65726174652051414f412043697263756974222075726c3d2271756f6b6b612f6d6178637574223e0a2020202020203c62706d6e3a696e636f6d696e673e53657175656e6365466c6f775f3131343630306c3c2f62706d6e3a696e636f6d696e673e0a2020202020203c62706d6e3a6f7574676f696e673e466c6f775f31716d7a74746c3c2f62706d6e3a6f7574676f696e673e0a202020203c2f7175616e746d653a7175616e74756d436972637569744c6f6164696e675461736b3e0a202020203c62706d6e3a73657175656e6365466c6f772069643d2253657175656e6365466c6f775f313334677967612220736f757263655265663d225461736b5f3168383864646622207461726765745265663d22456e644576656e745f30706a7137667222202f3e0a202020203c62706d6e3a757365725461736b2069643d225461736b5f3168383864646622206e616d653d22416e616c797a6520526573756c7473223e0a2020202020203c62706d6e3a657874656e73696f6e456c656d656e74733e0a20202020202020203c63616d756e64613a666f726d446174613e0a202020202020202020203c63616d756e64613a666f726d4669656c642069643d22706c6f7455726c22206c6162656c3d22526573756c7420496d6167652055524c2220747970653d22737472696e67223e0a2020202020202020202020203c63616d756e64613a70726f706572746965733e0a20202020202020202020202020203c63616d756e64613a70726f70657274792069643d2250726f70657274795f3339706764343222202f3e0a2020202020202020202020203c2f63616d756e64613a70726f706572746965733e0a2020202020202020202020203c63616d756e64613a76616c69646174696f6e3e0a20202020202020202020202020203c63616d756e64613a636f6e73747261696e74206e616d653d22726561646f6e6c7922202f3e0a2020202020202020202020203c2f63616d756e64613a76616c69646174696f6e3e0a202020202020202020203c2f63616d756e64613a666f726d4669656c643e0a20202020202020203c2f63616d756e64613a666f726d446174613e0a2020202020203c2f62706d6e3a657874656e73696f6e456c656d656e74733e0a2020202020203c62706d6e3a696e636f6d696e673e466c6f775f306239377661793c2f62706d6e3a696e636f6d696e673e0a2020202020203c62706d6e3a6f7574676f696e673e53657175656e6365466c6f775f313334677967613c2f62706d6e3a6f7574676f696e673e0a202020203c2f62706d6e3a757365725461736b3e0a202020203c62706d6e3a73756250726f636573732069643d2241637469766974795f3036656e777571223e0a2020202020203c62706d6e3a696e636f6d696e673e466c6f775f31716d7a74746c3c2f62706d6e3a696e636f6d696e673e0a2020202020203c62706d6e3a6f7574676f696e673e466c6f775f306239377661793c2f62706d6e3a6f7574676f696e673e0a2020202020203c62706d6e3a656e644576656e742069643d22456e644576656e745f3164757a733377223e0a20202020202020203c62706d6e3a696e636f6d696e673e53657175656e6365466c6f775f31346c6d636a643c2f62706d6e3a696e636f6d696e673e0a2020202020203c2f62706d6e3a656e644576656e743e0a2020202020203c62706d6e3a73746172744576656e742069643d2253746172744576656e745f31223e0a20202020202020203c62706d6e3a6f7574676f696e673e53657175656e6365466c6f775f30713534696c6b3c2f62706d6e3a6f7574676f696e673e0a2020202020203c2f62706d6e3a73746172744576656e743e0a2020202020203c7175616e746d653a7175616e74756d43697263756974457865637574696f6e5461736b2069643d225461736b5f3169356a62736722206e616d653d22457865637574652051414f412043697263756974222070726f76696465723d2269626d22207170753d226165725f7161736d5f73696d756c61746f72222073686f74733d2232303030222070726f6772616d6d696e674c616e67756167653d226f70656e7161736d223e0a20202020202020203c62706d6e3a696e636f6d696e673e53657175656e6365466c6f775f3167346e7966713c2f62706d6e3a696e636f6d696e673e0a20202020202020203c62706d6e3a6f7574676f696e673e53657175656e6365466c6f775f307276616839783c2f62706d6e3a6f7574676f696e673e0a2020202020203c2f7175616e746d653a7175616e74756d43697263756974457865637574696f6e5461736b3e0a2020202020203c62706d6e3a6578636c7573697665476174657761792069643d224578636c7573697665476174657761795f31786e6865707222206e616d653d22436f6e7665726765643f223e0a20202020202020203c62706d6e3a696e636f6d696e673e53657175656e6365466c6f775f303364307a6c623c2f62706d6e3a696e636f6d696e673e0a20202020202020203c62706d6e3a6f7574676f696e673e53657175656e6365466c6f775f31346c6d636a643c2f62706d6e3a6f7574676f696e673e0a20202020202020203c62706d6e3a6f7574676f696e673e53657175656e6365466c6f775f3132336d6265393c2f62706d6e3a6f7574676f696e673e0a2020202020203c2f62706d6e3a6578636c7573697665476174657761793e0a2020202020203c7175616e746d653a726573756c744576616c756174696f6e5461736b2069643d225461736b5f303030787a663922206e616d653d224576616c7561746520526573756c747322206f626a65637469766546756e6374696f6e3d226578706563746174696f6e56616c75652220636f737446756e6374696f6e3d226d6178637574223e0a20202020202020203c62706d6e3a696e636f6d696e673e53657175656e6365466c6f775f307276616839783c2f62706d6e3a696e636f6d696e673e0a20202020202020203c62706d6e3a6f7574676f696e673e53657175656e6365466c6f775f303364307a6c623c2f62706d6e3a6f7574676f696e673e0a2020202020203c2f7175616e746d653a726573756c744576616c756174696f6e5461736b3e0a2020202020203c7175616e746d653a706172616d657465724f7074696d697a6174696f6e5461736b2069643d225461736b5f303078636f6b6c22206e616d653d224f7074696d697a652051414f4120506172616d657465727322206f7074696d697a65723d22636f62796c61223e0a20202020202020203c62706d6e3a696e636f6d696e673e53657175656e6365466c6f775f3132336d6265393c2f62706d6e3a696e636f6d696e673e0a20202020202020203c62706d6e3a6f7574676f696e673e53657175656e6365466c6f775f307767677167663c2f62706d6e3a6f7574676f696e673e0a2020202020203c2f7175616e746d653a706172616d657465724f7074696d697a6174696f6e5461736b3e0a2020202020203c62706d6e3a6578636c7573697665476174657761792069643d224578636c7573697665476174657761795f306c6f3432656e223e0a20202020202020203c62706d6e3a696e636f6d696e673e53657175656e6365466c6f775f30713534696c6b3c2f62706d6e3a696e636f6d696e673e0a20202020202020203c62706d6e3a696e636f6d696e673e53657175656e6365466c6f775f307767677167663c2f62706d6e3a696e636f6d696e673e0a20202020202020203c62706d6e3a6f7574676f696e673e53657175656e6365466c6f775f3167346e7966713c2f62706d6e3a6f7574676f696e673e0a2020202020203c2f62706d6e3a6578636c7573697665476174657761793e0a2020202020203c62706d6e3a73657175656e6365466c6f772069643d2253657175656e6365466c6f775f31346c6d636a6422206e616d653d225965732220736f757263655265663d224578636c7573697665476174657761795f31786e6865707222207461726765745265663d22456e644576656e745f3164757a733377223e0a20202020202020203c62706d6e3a636f6e646974696f6e45787072657373696f6e207873693a747970653d2262706d6e3a74466f726d616c45787072657373696f6e223e247b20657865637574696f6e2e6765745661726961626c652827636f6e7665726765642729213d206e756c6c2026616d703b26616d703b20657865637574696f6e2e6765745661726961626c652827636f6e7665726765642729203d3d202774727565277d3c2f62706d6e3a636f6e646974696f6e45787072657373696f6e3e0a2020202020203c2f62706d6e3a73657175656e6365466c6f773e0a2020202020203c62706d6e3a73657175656e6365466c6f772069643d2253657175656e6365466c6f775f30713534696c6b2220736f757263655265663d2253746172744576656e745f3122207461726765745265663d224578636c7573697665476174657761795f306c6f3432656e22202f3e0a2020202020203c62706d6e3a73657175656e6365466c6f772069643d2253657175656e6365466c6f775f3167346e7966712220736f757263655265663d224578636c7573697665476174657761795f306c6f3432656e22207461726765745265663d225461736b5f3169356a62736722202f3e0a2020202020203c62706d6e3a73657175656e6365466c6f772069643d2253657175656e6365466c6f775f307276616839782220736f757263655265663d225461736b5f3169356a62736722207461726765745265663d225461736b5f303030787a663922202f3e0a2020202020203c62706d6e3a73657175656e6365466c6f772069643d2253657175656e6365466c6f775f303364307a6c622220736f757263655265663d225461736b5f303030787a663922207461726765745265663d224578636c7573697665476174657761795f31786e6865707222202f3e0a2020202020203c62706d6e3a73657175656e6365466c6f772069643d2253657175656e6365466c6f775f3132336d62653922206e616d653d224e6f2220736f757263655265663d224578636c7573697665476174657761795f31786e6865707222207461726765745265663d225461736b5f303078636f6b6c223e0a20202020202020203c62706d6e3a636f6e646974696f6e45787072657373696f6e207873693a747970653d2262706d6e3a74466f726d616c45787072657373696f6e223e247b20657865637574696f6e2e6765745661726961626c652827636f6e76657267656427293d3d206e756c6c207c7c20657865637574696f6e2e6765745661726961626c652827636f6e7665726765642729203d3d202766616c7365277d3c2f62706d6e3a636f6e646974696f6e45787072657373696f6e3e0a2020202020203c2f62706d6e3a73657175656e6365466c6f773e0a2020202020203c62706d6e3a73657175656e6365466c6f772069643d2253657175656e6365466c6f775f307767677167662220736f757263655265663d225461736b5f303078636f6b6c22207461726765745265663d224578636c7573697665476174657761795f306c6f3432656e22202f3e0a202020203c2f62706d6e3a73756250726f636573733e0a202020203c62706d6e3a73657175656e6365466c6f772069643d22466c6f775f31716d7a74746c2220736f757263655265663d225461736b5f3030396873726b22207461726765745265663d2241637469766974795f3036656e77757122202f3e0a202020203c62706d6e3a73657175656e6365466c6f772069643d22466c6f775f306239377661792220736f757263655265663d2241637469766974795f3036656e77757122207461726765745265663d225461736b5f3168383864646622202f3e0a20203c2f62706d6e3a70726f636573733e0a20203c62706d6e64693a42504d4e4469616772616d2069643d2242504d4e4469616772616d5f31223e0a202020203c62706d6e64693a42504d4e506c616e652069643d2242504d4e506c616e655f31222062706d6e456c656d656e743d2250726f636573735f3037306d357031223e0a2020202020203c62706d6e64693a42504d4e53686170652069643d22456e644576656e745f30706a713766725f6469222062706d6e456c656d656e743d22456e644576656e745f30706a71376672223e0a20202020202020203c64633a426f756e647320783d22313235322220793d22323037222077696474683d22333622206865696768743d22333622202f3e0a2020202020203c2f62706d6e64693a42504d4e53686170653e0a2020202020203c62706d6e64693a42504d4e53686170652069643d2253746172744576656e745f30656a366c77625f6469222062706d6e456c656d656e743d2253746172744576656e745f30656a366c7762223e0a20202020202020203c64633a426f756e647320783d223135322220793d22323037222077696474683d22333622206865696768743d22333622202f3e0a2020202020203c2f62706d6e64693a42504d4e53686170653e0a2020202020203c62706d6e64693a42504d4e53686170652069643d225175616e74756d436972637569744c6f6164696e675461736b5f31706d797939615f6469222062706d6e456c656d656e743d225461736b5f3030396873726b223e0a20202020202020203c64633a426f756e647320783d223236302220793d22313835222077696474683d2231303022206865696768743d22383022202f3e0a2020202020203c2f62706d6e64693a42504d4e53686170653e0a2020202020203c62706d6e64693a42504d4e53686170652069643d22557365725461736b5f303661777865395f6469222062706d6e456c656d656e743d225461736b5f31683838646466223e0a20202020202020203c64633a426f756e647320783d22313038302220793d22313835222077696474683d2231303022206865696768743d22383022202f3e0a2020202020203c2f62706d6e64693a42504d4e53686170653e0a2020202020203c62706d6e64693a42504d4e53686170652069643d2241637469766974795f3036656e7775715f6469222062706d6e456c656d656e743d2241637469766974795f3036656e77757122206973457870616e6465643d2274727565223e0a20202020202020203c64633a426f756e647320783d223433302220793d223730222077696474683d2235383022206865696768743d2232363022202f3e0a2020202020203c2f62706d6e64693a42504d4e53686170653e0a2020202020203c62706d6e64693a42504d4e53686170652069643d22456e644576656e745f3164757a7333775f6469222062706d6e456c656d656e743d22456e644576656e745f3164757a733377223e0a20202020202020203c64633a426f756e647320783d223935322220793d22323532222077696474683d22333622206865696768743d22333622202f3e0a2020202020203c2f62706d6e64693a42504d4e53686170653e0a2020202020203c62706d6e64693a42504d4e53686170652069643d225f42504d4e53686170655f53746172744576656e745f32222062706d6e456c656d656e743d2253746172744576656e745f31223e0a20202020202020203c64633a426f756e647320783d223435322220793d22323532222077696474683d22333622206865696768743d22333622202f3e0a2020202020203c2f62706d6e64693a42504d4e53686170653e0a2020202020203c62706d6e64693a42504d4e53686170652069643d225175616e74756d43697263756974457865637574696f6e5461736b5f3067616e7876705f6469222062706d6e456c656d656e743d225461736b5f3169356a627367223e0a20202020202020203c64633a426f756e647320783d223538302220793d22323330222077696474683d2231303022206865696768743d22383022202f3e0a2020202020203c2f62706d6e64693a42504d4e53686170653e0a2020202020203c62706d6e64693a42504d4e53686170652069643d224578636c7573697665476174657761795f31786e686570725f6469222062706d6e456c656d656e743d224578636c7573697665476174657761795f31786e68657072222069734d61726b657256697369626c653d2274727565223e0a20202020202020203c64633a426f756e647320783d223836352220793d22323435222077696474683d22353022206865696768743d22353022202f3e0a20202020202020203c62706d6e64693a42504d4e4c6162656c3e0a202020202020202020203c64633a426f756e647320783d223836302220793d22333032222077696474683d22363122206865696768743d22313422202f3e0a20202020202020203c2f62706d6e64693a42504d4e4c6162656c3e0a2020202020203c2f62706d6e64693a42504d4e53686170653e0a2020202020203c62706d6e64693a42504d4e53686170652069643d22526573756c744576616c756174696f6e5461736b5f316a6f31377a365f6469222062706d6e456c656d656e743d225461736b5f303030787a6639223e0a20202020202020203c64633a426f756e647320783d223732302220793d22323330222077696474683d2231303022206865696768743d22383022202f3e0a2020202020203c2f62706d6e64693a42504d4e53686170653e0a2020202020203c62706d6e64693a42504d4e53686170652069643d22506172616d657465724f7074696d697a6174696f6e5461736b5f313732317869645f6469222062706d6e456c656d656e743d225461736b5f303078636f6b6c223e0a20202020202020203c64633a426f756e647320783d223633302220793d223930222077696474683d2231303022206865696768743d22383022202f3e0a2020202020203c2f62706d6e64693a42504d4e53686170653e0a2020202020203c62706d6e64693a42504d4e53686170652069643d224578636c7573697665476174657761795f306c6f3432656e5f6469222062706d6e456c656d656e743d224578636c7573697665476174657761795f306c6f3432656e222069734d61726b657256697369626c653d2274727565223e0a20202020202020203c64633a426f756e647320783d223530352220793d22323435222077696474683d22353022206865696768743d22353022202f3e0a2020202020203c2f62706d6e64693a42504d4e53686170653e0a2020202020203c62706d6e64693a42504d4e456467652069643d2253657175656e6365466c6f775f31346c6d636a645f6469222062706d6e456c656d656e743d2253657175656e6365466c6f775f31346c6d636a64223e0a20202020202020203c64693a776179706f696e7420783d223931352220793d2232373022202f3e0a20202020202020203c64693a776179706f696e7420783d223935322220793d2232373022202f3e0a20202020202020203c62706d6e64693a42504d4e4c6162656c3e0a202020202020202020203c64633a426f756e647320783d223932352220793d22323532222077696474683d22313822206865696768743d22313422202f3e0a20202020202020203c2f62706d6e64693a42504d4e4c6162656c3e0a2020202020203c2f62706d6e64693a42504d4e456467653e0a2020202020203c62706d6e64693a42504d4e456467652069643d2253657175656e6365466c6f775f30713534696c6b5f6469222062706d6e456c656d656e743d2253657175656e6365466c6f775f30713534696c6b223e0a20202020202020203c64693a776179706f696e7420783d223438382220793d2232373022202f3e0a20202020202020203c64693a776179706f696e7420783d223530352220793d2232373022202f3e0a2020202020203c2f62706d6e64693a42504d4e456467653e0a2020202020203c62706d6e64693a42504d4e456467652069643d2253657175656e6365466c6f775f3167346e7966715f6469222062706d6e456c656d656e743d2253657175656e6365466c6f775f3167346e796671223e0a20202020202020203c64693a776179706f696e7420783d223535352220793d2232373022202f3e0a20202020202020203c64693a776179706f696e7420783d223538302220793d2232373022202f3e0a2020202020203c2f62706d6e64693a42504d4e456467653e0a2020202020203c62706d6e64693a42504d4e456467652069643d2253657175656e6365466c6f775f307276616839785f6469222062706d6e456c656d656e743d2253657175656e6365466c6f775f30727661683978223e0a20202020202020203c64693a776179706f696e7420783d223638302220793d2232373022202f3e0a20202020202020203c64693a776179706f696e7420783d223732302220793d2232373022202f3e0a2020202020203c2f62706d6e64693a42504d4e456467653e0a2020202020203c62706d6e64693a42504d4e456467652069643d2253657175656e6365466c6f775f303364307a6c625f6469222062706d6e456c656d656e743d2253657175656e6365466c6f775f303364307a6c62223e0a20202020202020203c64693a776179706f696e7420783d223832302220793d2232373022202f3e0a20202020202020203c64693a776179706f696e7420783d223836352220793d2232373022202f3e0a2020202020203c2f62706d6e64693a42504d4e456467653e0a2020202020203c62706d6e64693a42504d4e456467652069643d2253657175656e6365466c6f775f3132336d6265395f6469222062706d6e456c656d656e743d2253657175656e6365466c6f775f3132336d626539223e0a20202020202020203c64693a776179706f696e7420783d223839302220793d2232343522202f3e0a20202020202020203c64693a776179706f696e7420783d223839302220793d2231333022202f3e0a20202020202020203c64693a776179706f696e7420783d223733302220793d2231333022202f3e0a20202020202020203c62706d6e64693a42504d4e4c6162656c3e0a202020202020202020203c64633a426f756e647320783d223839382220793d22313835222077696474683d22313522206865696768743d22313422202f3e0a20202020202020203c2f62706d6e64693a42504d4e4c6162656c3e0a2020202020203c2f62706d6e64693a42504d4e456467653e0a2020202020203c62706d6e64693a42504d4e456467652069643d2253657175656e6365466c6f775f307767677167665f6469222062706d6e456c656d656e743d2253657175656e6365466c6f775f30776767716766223e0a20202020202020203c64693a776179706f696e7420783d223633302220793d2231333022202f3e0a20202020202020203c64693a776179706f696e7420783d223533302220793d2231333022202f3e0a20202020202020203c64693a776179706f696e7420783d223533302220793d2232343522202f3e0a2020202020203c2f62706d6e64693a42504d4e456467653e0a2020202020203c62706d6e64693a42504d4e456467652069643d2253657175656e6365466c6f775f3131343630306c5f6469222062706d6e456c656d656e743d2253657175656e6365466c6f775f3131343630306c223e0a20202020202020203c64693a776179706f696e7420783d223138382220793d2232323522202f3e0a20202020202020203c64693a776179706f696e7420783d223236302220793d2232323522202f3e0a2020202020203c2f62706d6e64693a42504d4e456467653e0a2020202020203c62706d6e64693a42504d4e456467652069643d2253657175656e6365466c6f775f313334677967615f6469222062706d6e456c656d656e743d2253657175656e6365466c6f775f31333467796761223e0a20202020202020203c64693a776179706f696e7420783d22313138302220793d2232323522202f3e0a20202020202020203c64693a776179706f696e7420783d22313235322220793d2232323522202f3e0a2020202020203c2f62706d6e64693a42504d4e456467653e0a2020202020203c62706d6e64693a42504d4e456467652069643d22466c6f775f31716d7a74746c5f6469222062706d6e456c656d656e743d22466c6f775f31716d7a74746c223e0a20202020202020203c64693a776179706f696e7420783d223336302220793d2232323522202f3e0a20202020202020203c64693a776179706f696e7420783d223433302220793d2232323522202f3e0a2020202020203c2f62706d6e64693a42504d4e456467653e0a2020202020203c62706d6e64693a42504d4e456467652069643d22466c6f775f306239377661795f6469222062706d6e456c656d656e743d22466c6f775f30623937766179223e0a20202020202020203c64693a776179706f696e7420783d22313031302220793d2232323522202f3e0a20202020202020203c64693a776179706f696e7420783d22313038302220793d2232323522202f3e0a2020202020203c2f62706d6e64693a42504d4e456467653e0a202020203c2f62706d6e64693a42504d4e506c616e653e0a20203c2f62706d6e64693a42504d4e4469616772616d3e0a3c2f62706d6e3a646566696e6974696f6e733e0a', '03408d61-c4ec-4261-932a-dcb90e37fef8');
INSERT INTO public.file_data (id, data, file_id) VALUES ('0ca37c81-a507-417c-8124-72d1f37da5a7', '\x3c3f786d6c2076657273696f6e3d22312e302220656e636f64696e673d225554462d38223f3e0a3c62706d6e323a646566696e6974696f6e7320786d6c6e733a7873693d22687474703a2f2f7777772e77332e6f72672f323030312f584d4c536368656d612d696e7374616e63652220786d6c6e733a62706d6e323d22687474703a2f2f7777772e6f6d672e6f72672f737065632f42504d4e2f32303130303532342f4d4f44454c2220786d6c6e733a62706d6e64693d22687474703a2f2f7777772e6f6d672e6f72672f737065632f42504d4e2f32303130303532342f44492220786d6c6e733a64633d22687474703a2f2f7777772e6f6d672e6f72672f737065632f44442f32303130303532342f44432220786d6c6e733a64693d22687474703a2f2f7777772e6f6d672e6f72672f737065632f44442f32303130303532342f44492220786d6c6e733a7175616e746d653d2268747470733a2f2f6769746875622e636f6d2f5553542d5175416e74694c2f5175616e744d452d5175616e74756d3442504d4e222069643d2273616d706c652d6469616772616d22207461726765744e616d6573706163653d22687474703a2f2f62706d6e2e696f2f736368656d612f62706d6e22207873693a736368656d614c6f636174696f6e3d22687474703a2f2f7777772e6f6d672e6f72672f737065632f42504d4e2f32303130303532342f4d4f44454c2042504d4e32302e787364223e0a20203c62706d6e323a70726f636573732069643d22502220697345786563757461626c653d2274727565223e0a202020203c62706d6e323a73746172744576656e742069643d2253746172744576656e745f31223e0a2020202020203c62706d6e323a6f7574676f696e673e466c6f775f307331306461793c2f62706d6e323a6f7574676f696e673e0a202020203c2f62706d6e323a73746172744576656e743e0a202020203c62706d6e323a73657175656e6365466c6f772069643d22466c6f775f307331306461792220736f757263655265663d2253746172744576656e745f3122207461726765745265663d2241637469766974795f306d726b6f336b22202f3e0a202020203c62706d6e323a656e644576656e742069643d224576656e745f31356962706f64223e0a2020202020203c62706d6e323a696e636f6d696e673e466c6f775f303834376a35763c2f62706d6e323a696e636f6d696e673e0a202020203c2f62706d6e323a656e644576656e743e0a202020203c62706d6e323a73657175656e6365466c6f772069643d22466c6f775f303834376a35762220736f757263655265663d2241637469766974795f3061366b6e363222207461726765745265663d224576656e745f31356962706f6422202f3e0a202020203c62706d6e323a757365725461736b2069643d2241637469766974795f3061366b6e363222206e616d653d22416e616c797a6520526573756c7473223e0a2020202020203c62706d6e323a696e636f6d696e673e466c6f775f3135756139756f3c2f62706d6e323a696e636f6d696e673e0a2020202020203c62706d6e323a6f7574676f696e673e466c6f775f303834376a35763c2f62706d6e323a6f7574676f696e673e0a202020203c2f62706d6e323a757365725461736b3e0a202020203c62706d6e323a73657175656e6365466c6f772069643d22466c6f775f3135756139756f2220736f757263655265663d2241637469766974795f306d726b6f336b22207461726765745265663d2241637469766974795f3061366b6e363222202f3e0a202020203c62706d6e323a7363726970745461736b2069643d2241637469766974795f306d726b6f336b22206e616d653d2245786563757465205153564d2220736372697074466f726d61743d22707974686f6e22207175616e746d653a726571756972656d656e74733d227169736b69743d3d302e34352e30262331303b7169736b69745f69626d5f70726f76696465723d3d302e372e32262331303b7265717565737473262331303b6e756d7079262331303b7169736b69745f6165723d3d302e31322e32223e0a2020202020203c62706d6e323a696e636f6d696e673e466c6f775f307331306461793c2f62706d6e323a696e636f6d696e673e0a2020202020203c62706d6e323a6f7574676f696e673e466c6f775f3135756139756f3c2f62706d6e323a6f7574676f696e673e0a2020202020203c62706d6e323a7363726970743e696d706f727420636f646563730a696d706f7274207069636b6c650a696d706f7274206a736f6e0a66726f6d207169736b697420696d706f7274202a0a66726f6d207169736b697420696d706f7274207472616e7370696c650a66726f6d2075726c6c69622e7265717565737420696d706f72742075726c6f70656e0a696d706f727420636f646563730a696d706f7274207069636b6c650a696d706f7274206e756d7079206173206e700a66726f6d207169736b697420696d706f7274202a0a66726f6d2075726c6c69622e7265717565737420696d706f72742075726c6f70656e0a66726f6d207169736b69742e636972637569742e6c69627261727920696d706f7274205a466561747572654d61702c2054776f4c6f63616c0a66726f6d207169736b697420696d706f727420436c6173736963616c52656769737465722c205175616e74756d436972637569742c205175616e74756d52656769737465720a696d706f727420636f646563730a696d706f7274207069636b6c650a696d706f7274206e756d7079206173206e700a66726f6d206d6174706c6f746c696220696d706f727420636d2c2067726964737065630a66726f6d206d6174706c6f746c696220696d706f7274207079706c6f7420617320706c740a66726f6d206d61746820696d706f727420737172740a66726f6d207169736b697420696d706f7274202a0a66726f6d2075726c6c69622e7265717565737420696d706f72742075726c6f70656e0a66726f6d207169736b69745f69626d5f70726f766964657220696d706f72742049424d50726f76696465720a66726f6d207169736b69745f6165722e6261636b656e647320696d706f72742041657253696d756c61746f720a696d706f727420696f0a696d706f7274206261736536340a0a646566206d61696e282a2a6b7761726773293a0a20202020232053504c49543a20436c6173736963616c0a2020202063757272656e74497465726174696f6e203d20310a2020202064656c7461203d206b77617267735b2264656c7461225d0a20202020697465726174696f6e73203d206b77617267735b22697465726174696f6e73225d0a20202020746865746173203d206b77617267735b22746865746173225d0a20202020636c75737465725f6d617070696e67203d206b77617267735b22636c75737465725f6d617070696e67225d0a2020202064617461203d206b77617267735b2264617461225d0a2020202069626d715f6261636b656e64203d206b77617267735b2269626d715f6261636b656e64225d0a2020202069626d715f746f6b656e203d206b77617267735b2269626d715f746f6b656e225d0a20202020706172616d65746572697a6174696f6e73203d206b77617267735b22706172616d65746572697a6174696f6e73225d0a20202020636972637569745f74656d706c617465203d206b77617267735b22636972637569745f74656d706c617465225d0a20202020636c617373696669636174696f6e436f6e766572676564203d20300a202020206d61785f697465726174696f6e73203d2035300a0a20202020232053504c49543a20436972637569742047656e65726174696f6e0a202020207468657461732c205f2c205f2c2064656c74612c20636972637569745f74656d706c6174652c20706172616d65746572697a6174696f6e73203d20657865637574652864617461290a202020207768696c652063757272656e74497465726174696f6e20266c743b206d61785f697465726174696f6e7320616e6420636c617373696669636174696f6e436f6e76657267656420213d20313a0a0a2020202020202020232053504c49543a204369726375697420457865637574696f6e0a20202020202020207173766d5f726573756c7473203d205175616e74756d43697263756974457865637574696f6e5461736b5f3061306e7471665f6578656375746528636972637569745f74656d706c6174652c20706172616d65746572697a6174696f6e732c2069626d715f746f6b656e2c2069626d715f6261636b656e642c2069626d715f6261636b656e64290a0a2020202020202020232053504c49543a20506172616d65746572204f7074696d697a6174696f6e0a2020202020202020706172616d65746572697a6174696f6e732c207468657461732c205f2c205f2c2064656c74612c20697465726174696f6e732c20636c617373696669636174696f6e436f6e766572676564203d2041637469766974795f31737a6b7034735f6578656375746528646174612c20636c75737465725f6d617070696e672c207468657461732c20697465726174696f6e732c207173766d5f726573756c74732c2064656c74612c20636972637569745f74656d706c617465290a0a2020202020202020232053504c49543a20436c6173736963616c0a202020202020202063757272656e74497465726174696f6e203d20436c6173736963616c5f657865637574652863757272656e74497465726174696f6e29200a202020200a20202020232053504c49543a20436c6173736963616c0a20202020706c6f74203d20657865637574655f6576616c756174696f6e28646174612c20636972637569745f74656d706c6174652c207468657461732c2069626d715f746f6b656e2c20636c75737465725f6d617070696e67290a20202020706c6f74203d20706c6f740a0a0a64656620436c6173736963616c5f657865637574652863757272656e74497465726174696f6e293a0a2020202072657475726e2063757272656e74497465726174696f6e202b310a232323232323232323232323232323232323232323232323232323232323232323232323232323232323232323230a2320436f646520736e69707065747320666f722066696c65205153564d4578656375746f72536572766963652e70790a232323232323232323232323232323232323232323232323232323232323232323232323232323232323232323230a0a0a646566205175616e74756d43697263756974457865637574696f6e5461736b5f3061306e7471665f706172616d65746572697a6174696f6e5f66726f6d5f706172616d657465725f6e616d657328636972637569742c20706172616d65746572697a6174696f6e293a0a20202020706172616d6574657273203d20636972637569742e706172616d65746572730a20202020706172616d65746572697a6174696f6e5f6e6577203d207b7d0a20202020666f7220706172616d5f6e616d6520696e20706172616d65746572697a6174696f6e3a0a2020202020202020666f7220706172616d6574657220696e20706172616d65746572733a0a202020202020202020202020696620706172616d657465722e6e616d65203d3d20706172616d5f6e616d653a0a20202020202020202020202020202020706172616d65746572697a6174696f6e5f6e65775b706172616d657465725d203d20706172616d65746572697a6174696f6e5b706172616d5f6e616d655d0a20202020202020202020202020202020627265616b0a2020202072657475726e20706172616d65746572697a6174696f6e5f6e65770a0a0a0a646566205175616e74756d43697263756974457865637574696f6e5461736b5f3061306e7471665f72756e5f636972637569747328636972637569742c20706172616d65746572697a6174696f6e732c206261636b656e642c2073686f7473293a0a202020202320616464206d6561737572656d656e74730a20202020636972637569742e6261727269657228290a20202020636972637569742e6d65617375726528636972637569742e7175626974732c20636972637569742e636c62697473290a0a20202020726573756c7473203d205b5d0a20202020666f7220706172616d65746572697a6174696f6e20696e20706172616d65746572697a6174696f6e733a0a20202020202020207072696e742827457865637574696e67206e65787420706172616d65746572697a6174696f6e2e2e2e27290a2020202020202020232067656e657261746520636972637569742066726f6d20706172616d65746572697a6174696f6e0a2020202020202020706172616d65746572697a6174696f6e203d205175616e74756d43697263756974457865637574696f6e5461736b5f3061306e7471665f706172616d65746572697a6174696f6e5f66726f6d5f706172616d657465725f6e616d657328636972637569742c20706172616d65746572697a6174696f6e290a2020202020202020637572725f63697263756974203d20636972637569742e61737369676e5f706172616d657465727328706172616d65746572697a6174696f6e290a0a2020202020202020232065786563757465206f6e2049424d51206261636b656e640a20202020202020207472616e7370696c65645f63697263756974203d207472616e7370696c6528637572725f636972637569742c206261636b656e64290a20202020202020206a6f62203d206261636b656e642e72756e287472616e7370696c65645f63697263756974290a0a2020202020202020232073746f72652074686520726573756c7420666f7220746869732073756220636972637569742072756e0a2020202020202020686973746f6772616d203d206a6f622e726573756c7428292e6765745f636f756e747328290a2020202020202020726573756c74732e617070656e6428686973746f6772616d290a0a2020202072657475726e20726573756c74730a0a0a646566206372656174655f6261636b656e64286261636b656e645f6e616d652c20746f6b656e293a0a2020202063726564656e7469616c73203d207b0a20202020202022746f6b656e223a20746f6b656e0a202020207d0a202020207072696e74282741637469766174696e672049424d51206163636f756e742127290a202020206966206261636b656e645f6e616d65203d3d2022223a0a20202020202020206261636b656e64203d2041657253696d756c61746f7228290a20202020656c73653a0a202020202020202070726f7669646572203d2049424d50726f7669646572282a2a63726564656e7469616c73290a20202020202020206261636b656e64203d2070726f76696465722e6765745f6261636b656e64286261636b656e645f6e616d65290a202020200a2020202072657475726e206261636b656e640a0a646566205175616e74756d43697263756974457865637574696f6e5461736b5f3061306e7471665f6578656375746528636972637569745f74656d706c6174652c20706172616d65746572697a6174696f6e732c2069626d715f746f6b656e2c2069626d715f6261636b656e642c206261636b656e6432293a0a202020207072696e742827457865637574696e67205153564d2e2e2e27290a0a2020202023206c6f616420706172616d65746572697a6174696f6e206c6973740a20202020706172616d65746572697a6174696f6e735f6c697374203d206a736f6e2e6c6f61647328706172616d65746572697a6174696f6e73290a0a20202020232072657472696576652049424d51206261636b656e64206f626a6563740a202020206261636b656e64203d206372656174655f6261636b656e642869626d715f6261636b656e642c2069626d715f746f6b656e290a0a202020202320574f524b41524f554e4420756e74696c2068747470733a2f2f6769746875622e636f6d2f5169736b69742f7169736b69742d74657272612f6973737565732f353731302069732066697865640a20202020636972637569745f74656d706c617465203d207069636b6c652e6c6f61647328636f646563732e6465636f646528636972637569745f74656d706c6174652e656e636f646528292c20226261736536342229290a0a2020202023206578656375746520706172616d65746572697a65642063697263756974730a20202020726573756c7473203d205175616e74756d43697263756974457865637574696f6e5461736b5f3061306e7471665f72756e5f636972637569747328636972637569745f74656d706c6174652c20706172616d65746572697a6174696f6e735f6c6973742c206261636b656e642c2031303234290a0a2020202072657475726e20737472286a736f6e2e64756d707328726573756c747329290a0a0a23206c6f61642070726f76696465722064657461696c73207769746820676976656e2c2055524c2c206875622c2067726f75702c20616e642070726f6a6563740a232323232323232323232323232323232323232323232323232323232323232323232323232323232323232323230a2320436f646520736e69707065747320666f722066696c65205153564d4f7074696d697a6572536572766963652e70790a232323232323232323232323232323232323232323232323232323232323232323232323232323232323232323230a0a6465662041637469766974795f31737a6b7034735f746578745f746f5f61727261792874657874293a0a20202020746578745f6c696e6573203d206c6973742866696c746572284e6f6e652c20746578742e73706c697428225c6e222929290a20202020646174615f6172726179203d206e702e7a65726f732873686170653d286c656e28746578745f6c696e6573292c203229290a20202020666f72206964782c20646174615f6c696e6520696e20656e756d657261746528746578745f6c696e6573293a0a2020202020202020666f72206964792c2076616c3220696e20656e756d657261746528646174615f6c696e652e73706c69742822202229293a0a202020202020202020202020646174615f61727261795b6964785d5b6964795d203d20666c6f61742876616c32290a2020202072657475726e20646174615f61727261790a0a0a0a6465662041637469766974795f31737a6b7034735f61737369676e5f6c6162656c286d656173757265645f6b65792c206e756d5f636c6173736573293a0a202020206d656173757265645f6b6579203d206e702e61736172726179285b696e74286b2920666f72206b20696e206c697374286d656173757265645f6b6579295d290a202020206e756d5f717562697473203d206c656e286d656173757265645f6b6579290a202020206966206e756d5f636c6173736573203d3d20323a0a20202020202020206966206e756d5f7175626974732025203220213d20303a0a202020202020202020202020746f74616c203d206e702e73756d286d656173757265645f6b6579290a20202020202020202020202072657475726e203120696620746f74616c202667743b206e756d5f717562697473202f203220656c736520300a2020202020202020656c73653a0a20202020202020202020202068616d6d696e675f776569676874203d206e702e73756d286d656173757265645f6b6579290a20202020202020202020202069735f6f64645f706172697479203d2068616d6d696e675f776569676874202520320a20202020202020202020202072657475726e2069735f6f64645f7061726974790a0a20202020656c6966206e756d5f636c6173736573203d3d20333a0a202020202020202066697273745f68616c66203d20696e74286e702e666c6f6f72286e756d5f717562697473202f203229290a20202020202020206d6f64756c6f203d206e756d5f717562697473202520320a2020202020202020232046697273742068616c66206f66206b65790a202020202020202068616d6d696e675f7765696768745f31203d206e702e73756d286d656173757265645f6b65795b303a66697273745f68616c66202b206d6f64756c6f5d290a202020202020202023205365636f6e642068616c66206f66206b65790a202020202020202068616d6d696e675f7765696768745f32203d206e702e73756d286d656173757265645f6b65795b66697273745f68616c66202b206d6f64756c6f3a5d290a202020202020202069735f6f64645f7061726974795f31203d2068616d6d696e675f7765696768745f31202520320a202020202020202069735f6f64645f7061726974795f32203d2068616d6d696e675f7765696768745f32202520320a0a202020202020202072657475726e2069735f6f64645f7061726974795f31202b2069735f6f64645f7061726974795f320a0a20202020656c73653a0a2020202020202020746f74616c5f73697a65203d20322a2a6e756d5f7175626974730a2020202020202020636c6173735f73746570203d206e702e666c6f6f7228746f74616c5f73697a65202f206e756d5f636c6173736573290a0a2020202020202020646563696d616c5f76616c7565203d206d656173757265645f6b65792e646f74283120266c743b266c743b206e702e6172616e6765286d656173757265645f6b65792e73686170655b2d315d202d20312c202d312c202d3129290a20202020202020206b65795f6f72646572203d20696e7428646563696d616c5f76616c7565202f20636c6173735f73746570290a202020202020202072657475726e206b65795f6f72646572206966206b65795f6f7264657220266c743b206e756d5f636c617373657320656c7365206e756d5f636c6173736573202d20310a0a0a0a6465662041637469766974795f31737a6b7034735f72657475726e5f70726f626162696c697469657328636f756e74732c206e756d5f636c6173736573293a0a2020202070726f6273203d206e702e7a65726f732828286c656e28636f756e7473292c206e756d5f636c61737365732929290a20202020666f722069647820696e2072616e6765286c656e28636f756e747329293a0a2020202020202020636f756e74203d20636f756e74735b6964785d0a202020202020202073686f7473203d2073756d28636f756e742e76616c7565732829290a2020202020202020666f72206b2c207620696e20636f756e742e6974656d7328293a0a2020202020202020202020206c6162656c203d2041637469766974795f31737a6b7034735f61737369676e5f6c6162656c286b2c206e756d5f636c6173736573290a20202020202020202020202070726f62735b6964785d5b6c6162656c5d202b3d2076202f2073686f74730a2020202072657475726e2070726f62730a0a0a0a6465662041637469766974795f31737a6b7034735f636f6d707574655f70726f626162696c697469657328726573756c74732c206e5f636c6173736573293a0a202020207072656469637465645f70726f6273203d205b5d0a202020207072656469637465645f6c6162656c73203d205b5d0a2020202070726f6273203d2041637469766974795f31737a6b7034735f72657475726e5f70726f626162696c697469657328726573756c74732c206e5f636c6173736573290a202020207072656469637465645f70726f62732e617070656e642870726f6273290a202020207072656469637465645f6c6162656c732e617070656e64286e702e6172676d61782870726f62732c20617869733d3129290a0a202020206966206c656e287072656469637465645f70726f627329203d3d20313a0a20202020202020207072656469637465645f70726f6273203d207072656469637465645f70726f62735b305d0a202020206966206c656e287072656469637465645f6c6162656c7329203d3d20313a0a20202020202020207072656469637465645f6c6162656c73203d207072656469637465645f6c6162656c735b305d0a0a2020202072657475726e207072656469637465645f70726f62732c207072656469637465645f6c6162656c730a0a0a0a6465662041637469766974795f31737a6b7034735f63726f73735f656e74726f70792870726564696374696f6e732c20746172676574732c20657073696c6f6e3d31652d3132293a0a2020202070726564696374696f6e73203d206e702e636c69702870726564696374696f6e732c20657073696c6f6e2c20312e202d20657073696c6f6e290a202020204e203d2070726564696374696f6e732e73686170655b305d0a20202020746d70203d206e702e73756d28746172676574732a6e702e6c6f672870726564696374696f6e73292c20617869733d31290a202020206365203d202d6e702e73756d28746d70292f4e0a2020202072657475726e2063650a0a0a0a6465662041637469766974795f31737a6b7034735f636f73745f657374696d6174652870726f62732c2067745f6c6162656c732c2073686f74733d4e6f6e65293a0a202020206d796c6162656c73203d206e702e7a65726f732870726f62732e7368617065290a20202020666f72206920696e2072616e67652867745f6c6162656c732e73686170655b305d293a0a20202020202020207768696368696e646578203d2067745f6c6162656c735b695d0a20202020202020206d796c6162656c735b695d5b7768696368696e6465785d203d20310a0a2020202078203d2041637469766974795f31737a6b7034735f63726f73735f656e74726f70792870726f62732c206d796c6162656c73290a2020202072657475726e20780a0a0a0a6465662041637469766974795f31737a6b7034735f6765745f635f7370736128697465726174696f6e2c206f7074696d697a65725f706172616d73293a0a202020205f2c2063312c205f2c2063332c205f203d206f7074696d697a65725f706172616d730a2020202072657475726e20666c6f617428633129202f206e702e706f77657228697465726174696f6e202b20312c206333290a0a0a0a6465662041637469766974795f31737a6b7034735f6765745f615f7370736128697465726174696f6e2c206f7074696d697a65725f706172616d73293a0a2020202063302c205f2c2063322c205f2c206334203d206f7074696d697a65725f706172616d730a2020202072657475726e20666c6f617428633029202f206e702e706f77657228697465726174696f6e202b2031202b2063342c206332290a0a0a0a6465662041637469766974795f31737a6b7034735f67656e5f64656c74612873697a65293a0a2020202072657475726e2032202a206e702e72616e646f6d2e64656661756c745f726e6728292e696e74656765727328322c2073697a653d73697a6529202d20310a0a0a0a6465662041637469766974795f31737a6b7034735f67656e65726174655f646972656374696f6e7328697465726174696f6e2c207468657461732c206f7074696d697a65725f706172616d73293a0a20202020635f73707361203d2041637469766974795f31737a6b7034735f6765745f635f7370736128697465726174696f6e2c206f7074696d697a65725f706172616d73290a2020202064656c7461203d2041637469766974795f31737a6b7034735f67656e5f64656c74612873697a653d7468657461732e73686170655b305d290a0a202020207468657461735f706c7573203d20746865746173202b20635f73707361202a2064656c74610a202020207468657461735f6d696e7573203d20746865746173202d20635f73707361202a2064656c74610a2020202072657475726e207468657461735f706c75732c207468657461735f6d696e75732c2064656c74610a0a0a0a6465662041637469766974795f31737a6b7034735f6f7074696d697a6528726573756c74732c206c6162656c732c207468657461732c2064656c74612c20697465726174696f6e2c206f7074696d697a65725f706172616d73293a0a202020202320736570617261746520726573756c747320666f722074686574612c2074686574615f706c75732c20616e642074686574615f6d696e75730a20202020726573756c74735f637572722c20726573756c74735f706c75732c20726573756c74735f6d696e7573203d206e702e61727261795f73706c697428726573756c74732c2033290a0a20202020232063616c63756c6174652070726f626162696c69746965730a2020202070726f62735f706c75732c205f203d2041637469766974795f31737a6b7034735f636f6d707574655f70726f626162696c697469657328726573756c74735f706c75732c206c656e28736574286c6162656c732929290a2020202070726f62735f6d696e75732c205f203d2041637469766974795f31737a6b7034735f636f6d707574655f70726f626162696c697469657328726573756c74735f6d696e75732c206c656e28736574286c6162656c732929290a2020202070726f62735f637572722c205f203d2041637469766974795f31737a6b7034735f636f6d707574655f70726f626162696c697469657328726573756c74735f637572722c206c656e28736574286c6162656c732929290a0a20202020232063616c63756c61746520636f7374730a20202020636f7374735f706c7573203d2041637469766974795f31737a6b7034735f636f73745f657374696d6174652870726f62735f706c75732c206c6162656c73290a20202020636f7374735f6d696e7573203d2041637469766974795f31737a6b7034735f636f73745f657374696d6174652870726f62735f6d696e75732c206c6162656c73290a20202020636f7374735f63757272203d2041637469766974795f31737a6b7034735f636f73745f657374696d6174652870726f62735f637572722c206c6162656c73290a0a202020202320757064617465642074686574610a20202020635f73707361203d2041637469766974795f31737a6b7034735f6765745f635f7370736128697465726174696f6e2c206f7074696d697a65725f706172616d73290a20202020675f73707361203d2028636f7374735f706c7573202d20636f7374735f6d696e757329202a2064656c7461202f2028322e30202a20635f73707361290a20202020615f73707361203d2041637469766974795f31737a6b7034735f6765745f615f7370736128697465726174696f6e2c206f7074696d697a65725f706172616d73290a20202020746865746173203d20746865746173202d20615f73707361202a20675f737073610a202020207468657461735f706c75732c207468657461735f6d696e75732c2064656c7461203d2041637469766974795f31737a6b7034735f67656e65726174655f646972656374696f6e7328697465726174696f6e2c207468657461732c206f7074696d697a65725f706172616d73290a0a2020202072657475726e207468657461732c207468657461735f706c75732c207468657461735f6d696e75732c2064656c74612c20636f7374735f637572720a0a0a0a6465662041637469766974795f31737a6b7034735f67656e65726174655f636972637569745f706172616d65746572697a6174696f6e7328636972637569742c20646174613a206c6973742c207468657461733a206c697374293a0a20202020666d5f706172616d65746572732c207661725f706172616d6574657273203d20636972637569745b305d5b305d2e706172616d732c20636972637569745b315d5b305d2e706172616d730a20202020666d5f706172616d65746572732c207661725f706172616d6574657273203d205b706172616d2e6e616d6520666f7220706172616d20696e20666d5f706172616d65746572735d2c205b706172616d2e6e616d6520666f7220706172616d20696e207661725f706172616d65746572735d0a0a20202020706172616d65746572697a6174696f6e73203d205b5d0a20202020666f7220746865746120696e207468657461733a0a2020202020202020666f7220646174756d20696e20646174613a0a202020202020202020202020637572725f706172616d73203d2064696374287a697028666d5f706172616d65746572732c20646174756d29290a202020202020202020202020637572725f706172616d732e7570646174652864696374287a6970287661725f706172616d65746572732c2074686574612929290a202020202020202020202020706172616d65746572697a6174696f6e732e617070656e6428637572725f706172616d73290a0a2020202072657475726e20706172616d65746572697a6174696f6e730a0a0a0a6465662041637469766974795f31737a6b7034735f6578656375746528646174612c20636c75737465725f6d617070696e672c207468657461732c20697465726174696f6e732c207173766d5f726573756c74732c2064656c74612c20636972637569745f74656d706c617465293a0a202020207072696e7428274f7074696d697a696e67205153564d2e2e2e27290a0a2020202023206c6f616420726571756972656420646174610a20202020697465726174696f6e73203d20696e7428697465726174696f6e73290a20202020646174615f6172726179203d2041637469766974795f31737a6b7034735f746578745f746f5f61727261792864617461290a202020207173766d5f726573756c74735f6c697374203d206e702e6172726179286a736f6e2e6c6f616473287173766d5f726573756c747329290a202020207468657461735f6c697374203d206e702e6172726179286a736f6e2e6c6f6164732874686574617329290a2020202064656c74615f6c697374203d206e702e6172726179286a736f6e2e6c6f6164732864656c746129290a20202020636c75737465725f6d617070696e675f6c697374203d206e702e6172726179286a736f6e2e6c6f61647328636c75737465725f6d617070696e6729290a202020206f7074696d697a65725f706172616d6574657273203d205b302e363238333138353330373137393538362c20302e312c20302e3630322c20302e3130312c20305d0a0a2020202023206d616b6520746861742073757265206c6162656c732061726520696e7465676572730a20202020636c75737465725f6d617070696e675f6c697374203d20636c75737465725f6d617070696e675f6c6973742e61737479706528696e74290a0a202020202320706572666f726d206f7074696d697a6174696f6e0a202020207468657461732c207468657461735f706c75732c207468657461735f6d696e75732c2064656c74612c20636f7374735f63757272203d2041637469766974795f31737a6b7034735f6f7074696d697a65287173766d5f726573756c74735f6c6973742c20636c75737465725f6d617070696e675f6c6973742c0a20202020202020202020202020202020202020202020202020202020202020202020202020202020202020202020202020202020202020202020202020202020202020207468657461735f6c6973742c2064656c74615f6c6973742c20697465726174696f6e732c0a20202020202020202020202020202020202020202020202020202020202020202020202020202020202020202020202020202020202020202020202020202020202020206f7074696d697a65725f706172616d6574657273290a0a202020202320574f524b41524f554e4420756e74696c2068747470733a2f2f6769746875622e636f6d2f5169736b69742f7169736b69742d74657272612f6973737565732f353731302069732066697865640a20202020636972637569745f74656d706c617465203d207069636b6c652e6c6f61647328636f646563732e6465636f646528636972637569745f74656d706c6174652e656e636f646528292c20226261736536342229290a0a20202020232067656e657261746520706172616d657472697a6174696f6e0a202020207468657461735f6172726179203d205b5d0a20202020666f72207420696e205b7468657461732c207468657461735f706c75732c207468657461735f6d696e75735d3a0a202020202020202069662074206973206e6f74204e6f6e653a0a2020202020202020202020207468657461735f61727261792e617070656e642874290a20202020706172616d65746572697a6174696f6e73203d2041637469766974795f31737a6b7034735f67656e65726174655f636972637569745f706172616d65746572697a6174696f6e7328636972637569745f74656d706c6174652c20646174615f61727261792c207468657461735f6172726179290a202020207072696e7428274e756d626572206f6620706172616d65746572697a6174696f6e733a20272c206c656e28706172616d65746572697a6174696f6e7329290a0a202020202320636865636b20636f6e76657267656e63650a20202020697465726174696f6e73203d20697465726174696f6e73202b20310a20202020636c617373696669636174696f6e436f6e766572676564203d20312069662028636f7374735f6375727220266c743b20302e3329206f722028697465726174696f6e73202667743b2031302920656c736520300a2020202023636c617373696669636174696f6e436f6e766572676564203d2073747228636c617373696669636174696f6e436f6e766572676564292e6c6f77657228290a202020207072696e742827436f6e7665726765643a272c20636c617373696669636174696f6e436f6e766572676564290a0a2020202072657475726e20737472286a736f6e2e64756d707328706172616d65746572697a6174696f6e7329292c20737472286a736f6e2e64756d7073287468657461732e746f6c697374282929292c20737472286a736f6e2e64756d7073287468657461735f706c75732e746f6c697374282929292c205c0a2020202020202020737472286a736f6e2e64756d7073287468657461735f6d696e75732e746f6c697374282929292c20737472286a736f6e2e64756d70732864656c74612e746f6c697374282929292c2073747228697465726174696f6e73292c205c0a2020202020202020636c617373696669636174696f6e436f6e7665726765640a0a0a64656620646f776e6c6f61645f646174612875726c293a0a20202020726573706f6e7365203d2075726c6f70656e2875726c290a2020202064617461203d20726573706f6e73652e7265616428292e6465636f646528277574662d3827290a2020202072657475726e207374722864617461290a0a0a64656620696e697469616c697a655f6f7074696d697a6174696f6e286e5f7468657461732c206f7074696d697a65725f706172616d73293a0a20202020696e697469616c5f746865746173203d206e702e72616e646f6d2e64656661756c745f726e6728292e7374616e646172645f6e6f726d616c286e5f746865746173290a0a202020207468657461735f706c75732c207468657461735f6d696e75732c2064656c7461203d2067656e65726174655f646972656374696f6e7328302c20696e697469616c5f7468657461732c206f7074696d697a65725f706172616d73290a2020202072657475726e20696e697469616c5f7468657461732c207468657461735f706c75732c207468657461735f6d696e75732c2064656c74610a0a0a646566206765745f635f7370736128697465726174696f6e2c206f7074696d697a65725f706172616d73293a0a202020205f2c2063312c205f2c2063332c205f203d206f7074696d697a65725f706172616d730a2020202072657475726e20666c6f617428633129202f206e702e706f77657228697465726174696f6e202b20312c206333290a0a0a6465662067656e5f64656c74612873697a65293a0a2020202072657475726e2032202a206e702e72616e646f6d2e64656661756c745f726e6728292e696e74656765727328322c2073697a653d73697a6529202d20310a0a0a6465662067656e65726174655f636972637569745f706172616d65746572697a6174696f6e7328636972637569742c20646174613a206c6973742c207468657461733a206c697374293a0a20202020666d5f706172616d65746572732c207661725f706172616d6574657273203d20636972637569745b305d5b305d2e706172616d732c20636972637569745b315d5b305d2e706172616d730a20202020666d5f706172616d65746572732c207661725f706172616d6574657273203d205b706172616d2e6e616d6520666f7220706172616d20696e20666d5f706172616d65746572735d2c205b706172616d2e6e616d6520666f7220706172616d20696e207661725f706172616d65746572735d0a0a20202020706172616d65746572697a6174696f6e73203d205b5d0a20202020666f7220746865746120696e207468657461733a0a2020202020202020666f7220646174756d20696e20646174613a0a202020202020202020202020637572725f706172616d73203d2064696374287a697028666d5f706172616d65746572732c20646174756d29290a202020202020202020202020637572725f706172616d732e7570646174652864696374287a6970287661725f706172616d65746572732c2074686574612929290a202020202020202020202020706172616d65746572697a6174696f6e732e617070656e6428637572725f706172616d73290a0a2020202072657475726e20706172616d65746572697a6174696f6e730a0a0a6465662067656e65726174655f646972656374696f6e7328697465726174696f6e2c207468657461732c206f7074696d697a65725f706172616d73293a0a20202020635f73707361203d206765745f635f7370736128697465726174696f6e2c206f7074696d697a65725f706172616d73290a2020202064656c7461203d2067656e5f64656c74612873697a653d7468657461732e73686170655b305d290a0a202020207468657461735f706c7573203d20746865746173202b20635f73707361202a2064656c74610a202020207468657461735f6d696e7573203d20746865746173202d20635f73707361202a2064656c74610a2020202072657475726e207468657461735f706c75732c207468657461735f6d696e75732c2064656c74610a0a0a6465662067656e65726174655f636972637569745f74656d706c617465286e71626974732c20726570735f666561747572656d61702c20726570735f766172666f726d2c20656e74616e676c656d656e74293a0a202020202320696e7374616e74696174652066656174757265206d617020616e6420766172696174696f6e616c20666f726d0a20202020666561747572655f6d6170203d205a466561747572654d6170286e71626974732c20726570735f666561747572656d6170290a202020207661725f666f726d203d2054776f4c6f63616c286e71626974732c205b277279272c2027727a275d2c2022637a222c20656e74616e676c656d656e742c20726570735f766172666f726d290a0a20202020232063726561746520656d70747920636972637569740a202020207172203d205175616e74756d5265676973746572286e71626974732c206e616d653d277127290a202020206372203d20436c6173736963616c5265676973746572286e71626974732c206e616d653d276327290a202020207163203d205175616e74756d436972637569742871722c206372290a0a202020202320617070656e642066656174757265206d617020616e6420766172696174696f6e616c20666f726d0a2020202071632e617070656e6428666561747572655f6d61702e746f5f696e737472756374696f6e28292c207172290a2020202071632e617070656e64287661725f666f726d2e746f5f696e737472756374696f6e28292c207172290a0a2020202072657475726e2071632c207661725f666f726d2e706172616d65746572730a0a0a64656620746578745f746f5f61727261792874657874293a0a20202020746578745f6c696e6573203d206c6973742866696c746572284e6f6e652c20746578742e73706c697428225c6e222929290a20202020646174615f6172726179203d206e702e7a65726f732873686170653d286c656e28746578745f6c696e6573292c203229290a20202020666f72206964782c20646174615f6c696e6520696e20656e756d657261746528746578745f6c696e6573293a0a2020202020202020666f72206964792c2076616c3220696e20656e756d657261746528646174615f6c696e652e73706c69742822202229293a0a202020202020202020202020646174615f61727261795b6964785d5b6964795d203d20666c6f61742876616c32290a2020202072657475726e20646174615f61727261790a0a0a64656620657865637574652864617461293a0a202020207072696e742827496e697469616c697a696e67205153564d2e2e2e27290a0a202020202320696e697469616c697a6520636f6e66696720646174610a20202020646174615f6172726179203d20746578745f746f5f61727261792864617461290a202020206e5f64696d656e73696f6e73203d20646174615f61727261792e73686170655b315d0a20202020656e74616e676c656d656e74203d202766756c6c270a20202020666561747572655f6d61705f72657073203d20310a20202020766172696174696f6e616c5f666f726d5f72657073203d20330a0a20202020232067656e65726174652074686520636972637569742074656d706c6174650a20202020636972637569745f74656d706c6174652c207661725f666f726d5f706172616d6574657273203d2067656e65726174655f636972637569745f74656d706c617465286e5f64696d656e73696f6e732c20666561747572655f6d61705f726570732c0a20202020202020202020202020202020202020202020202020202020202020202020202020202020202020202020202020202020202020202020202020202020202020202020766172696174696f6e616c5f666f726d5f726570732c20656e74616e676c656d656e74290a0a202020202320574f524b41524f554e4420756e74696c2068747470733a2f2f6769746875622e636f6d2f5169736b69742f7169736b69742d74657272612f6973737565732f353731302069732066697865640a202020207069636b6c65645f636972637569745f74656d706c617465203d20636f646563732e656e636f6465287069636b6c652e64756d707328636972637569745f74656d706c617465292c202262617365363422292e6465636f646528290a0a202020202320696e697469616c697a652074686574617320666f72206f7074696d697a6174696f6e0a202020206f7074696d697a65725f706172616d6574657273203d205b302e363238333138353330373137393538362c20302e312c20302e3630322c20302e3130312c20305d0a202020207468657461732c207468657461735f706c75732c207468657461735f6d696e75732c2064656c7461203d20696e697469616c697a655f6f7074696d697a6174696f6e286c656e287661725f666f726d5f706172616d6574657273292c206f7074696d697a65725f706172616d6574657273290a0a20202020232067656e657261746520706172616d657472697a6174696f6e0a202020207468657461735f6172726179203d205b5d0a20202020666f72207420696e205b7468657461732c207468657461735f706c75732c207468657461735f6d696e75735d3a0a202020202020202069662074206973206e6f74204e6f6e653a0a2020202020202020202020207468657461735f61727261792e617070656e642874290a20202020706172616d65746572697a6174696f6e73203d2067656e65726174655f636972637569745f706172616d65746572697a6174696f6e7328636972637569745f74656d706c6174652c20646174615f61727261792c207468657461735f6172726179290a202020207072696e7428274e756d626572206f6620706172616d65746572697a6174696f6e733a20272c206c656e28706172616d65746572697a6174696f6e7329290a0a2020202072657475726e20737472286a736f6e2e64756d7073287468657461732e746f6c697374282929292c20737472286a736f6e2e64756d7073287468657461735f706c75732e746f6c697374282929292c205c0a2020202020202020737472286a736f6e2e64756d7073287468657461735f6d696e75732e746f6c697374282929292c20737472286a736f6e2e64756d70732864656c74612e746f6c697374282929292c20737472287069636b6c65645f636972637569745f74656d706c617465292c205c0a2020202020202020737472286a736f6e2e64756d707328706172616d65746572697a6174696f6e7329290a0a6465662067656e65726174655f65765f636972637569745f706172616d65746572697a6174696f6e7328636972637569742c20646174613a206c6973742c207468657461733a206c697374293a0a20202020666d5f706172616d65746572732c207661725f706172616d6574657273203d20636972637569745b305d5b305d2e706172616d732c20636972637569745b315d5b305d2e706172616d730a20202020666d5f706172616d65746572732c207661725f706172616d6574657273203d205b706172616d2e6e616d6520666f7220706172616d20696e20666d5f706172616d65746572735d2c205b706172616d2e6e616d6520666f7220706172616d20696e207661725f706172616d65746572735d0a0a20202020706172616d65746572697a6174696f6e73203d205b5d0a20202020666f7220746865746120696e207468657461733a0a2020202020202020666f7220646174756d20696e20646174613a0a202020202020202020202020637572725f706172616d73203d2064696374287a697028666d5f706172616d65746572732c20646174756d29290a202020202020202020202020637572725f706172616d732e7570646174652864696374287a6970287661725f706172616d65746572732c2074686574612929290a202020202020202020202020706172616d65746572697a6174696f6e732e617070656e6428637572725f706172616d73290a0a2020202072657475726e20706172616d65746572697a6174696f6e730a0a0a64656620706172616d65746572697a6174696f6e5f66726f6d5f706172616d657465725f6e616d657328636972637569742c20706172616d65746572697a6174696f6e293a0a20202020706172616d6574657273203d20636972637569742e706172616d65746572730a20202020706172616d65746572697a6174696f6e5f6e6577203d207b7d0a20202020666f7220706172616d5f6e616d6520696e20706172616d65746572697a6174696f6e3a0a2020202020202020666f7220706172616d6574657220696e20706172616d65746572733a0a202020202020202020202020696620706172616d657465722e6e616d65203d3d20706172616d5f6e616d653a0a20202020202020202020202020202020706172616d65746572697a6174696f6e5f6e65775b706172616d657465725d203d20706172616d65746572697a6174696f6e5b706172616d5f6e616d655d0a20202020202020202020202020202020627265616b0a2020202072657475726e20706172616d65746572697a6174696f6e5f6e65770a0a0a6465662072756e5f636972637569747328636972637569742c20706172616d65746572697a6174696f6e732c206261636b656e642c2073686f7473293a0a202020202320616464206d6561737572656d656e74730a20202020636972637569742e6261727269657228290a20202020636972637569742e6d65617375726528636972637569742e7175626974732c20636972637569742e636c62697473290a0a20202020726573756c7473203d205b5d0a20202020666f7220706172616d65746572697a6174696f6e20696e20706172616d65746572697a6174696f6e733a0a2020202020202020232067656e657261746520636972637569742066726f6d20706172616d65746572697a6174696f6e0a2020202020202020706172616d65746572697a6174696f6e203d20706172616d65746572697a6174696f6e5f66726f6d5f706172616d657465725f6e616d657328636972637569742c20706172616d65746572697a6174696f6e290a2020202020202020637572725f63697263756974203d20636972637569742e61737369676e5f706172616d657465727328706172616d65746572697a6174696f6e290a0a2020202020202020232065786563757465206f6e2049424d51206261636b656e640a20202020202020206a6f62203d206261636b656e642e72756e28637572725f63697263756974290a0a2020202020202020232073746f72652074686520726573756c7420666f7220746869732073756220636972637569742072756e0a2020202020202020686973746f6772616d203d206a6f622e726573756c7428292e6765745f636f756e747328290a2020202020202020726573756c74732e617070656e6428686973746f6772616d290a0a2020202072657475726e20726573756c74730a0a0a646566206372656174655f7161736d5f6261636b656e6428746f6b656e293a0a202020206261636b656e64203d2041657253696d756c61746f7228290a202020202320757365206c6f63616c2073696d756c61746f7220666f7220746865206576616c756174696f6e0a2020202072657475726e206261636b656e640a0a0a6465662061737369676e5f6c6162656c286d656173757265645f6b65792c206e756d5f636c6173736573293a0a202020206d656173757265645f6b6579203d206e702e61736172726179285b696e74286b2920666f72206b20696e206c697374286d656173757265645f6b6579295d290a202020206e756d5f717562697473203d206c656e286d656173757265645f6b6579290a202020206966206e756d5f636c6173736573203d3d20323a0a20202020202020206966206e756d5f7175626974732025203220213d20303a0a202020202020202020202020746f74616c203d206e702e73756d286d656173757265645f6b6579290a20202020202020202020202072657475726e203120696620746f74616c202667743b206e756d5f717562697473202f203220656c736520300a2020202020202020656c73653a0a20202020202020202020202068616d6d696e675f776569676874203d206e702e73756d286d656173757265645f6b6579290a20202020202020202020202069735f6f64645f706172697479203d2068616d6d696e675f776569676874202520320a20202020202020202020202072657475726e2069735f6f64645f7061726974790a0a20202020656c6966206e756d5f636c6173736573203d3d20333a0a202020202020202066697273745f68616c66203d20696e74286e702e666c6f6f72286e756d5f717562697473202f203229290a20202020202020206d6f64756c6f203d206e756d5f717562697473202520320a2020202020202020232046697273742068616c66206f66206b65790a202020202020202068616d6d696e675f7765696768745f31203d206e702e73756d286d656173757265645f6b65795b303a66697273745f68616c66202b206d6f64756c6f5d290a202020202020202023205365636f6e642068616c66206f66206b65790a202020202020202068616d6d696e675f7765696768745f32203d206e702e73756d286d656173757265645f6b65795b66697273745f68616c66202b206d6f64756c6f3a5d290a202020202020202069735f6f64645f7061726974795f31203d2068616d6d696e675f7765696768745f31202520320a202020202020202069735f6f64645f7061726974795f32203d2068616d6d696e675f7765696768745f32202520320a0a202020202020202072657475726e2069735f6f64645f7061726974795f31202b2069735f6f64645f7061726974795f320a0a20202020656c73653a0a2020202020202020746f74616c5f73697a65203d20322a2a6e756d5f7175626974730a2020202020202020636c6173735f73746570203d206e702e666c6f6f7228746f74616c5f73697a65202f206e756d5f636c6173736573290a0a2020202020202020646563696d616c5f76616c7565203d206d656173757265645f6b65792e646f74283120266c743b266c743b206e702e6172616e6765286d656173757265645f6b65792e73686170655b2d315d202d20312c202d312c202d3129290a20202020202020206b65795f6f72646572203d20696e7428646563696d616c5f76616c7565202f20636c6173735f73746570290a202020202020202072657475726e206b65795f6f72646572206966206b65795f6f7264657220266c743b206e756d5f636c617373657320656c7365206e756d5f636c6173736573202d20310a0a0a6465662072657475726e5f70726f626162696c697469657328636f756e74732c206e756d5f636c6173736573293a0a2020202070726f6273203d206e702e7a65726f732828286c656e28636f756e7473292c206e756d5f636c61737365732929290a20202020666f722069647820696e2072616e6765286c656e28636f756e747329293a0a2020202020202020636f756e74203d20636f756e74735b6964785d0a202020202020202073686f7473203d2073756d28636f756e742e76616c7565732829290a2020202020202020666f72206b2c207620696e20636f756e742e6974656d7328293a0a2020202020202020202020206c6162656c203d2061737369676e5f6c6162656c286b2c206e756d5f636c6173736573290a20202020202020202020202070726f62735b6964785d5b6c6162656c5d202b3d2076202f2073686f74730a2020202072657475726e2070726f62730a0a0a64656620636f6d707574655f70726f626162696c697469657328726573756c74732c206e5f636c6173736573293a0a202020207072656469637465645f70726f6273203d205b5d0a202020207072656469637465645f6c6162656c73203d205b5d0a2020202070726f6273203d2072657475726e5f70726f626162696c697469657328726573756c74732c206e5f636c6173736573290a202020207072656469637465645f70726f62732e617070656e642870726f6273290a202020207072656469637465645f6c6162656c732e617070656e64286e702e6172676d61782870726f62732c20617869733d3129290a0a202020206966206c656e287072656469637465645f70726f627329203d3d20313a0a20202020202020207072656469637465645f70726f6273203d207072656469637465645f70726f62735b305d0a202020206966206c656e287072656469637465645f6c6162656c7329203d3d20313a0a20202020202020207072656469637465645f6c6162656c73203d207072656469637465645f6c6162656c735b305d0a0a2020202072657475726e207072656469637465645f70726f62732c207072656469637465645f6c6162656c730a0a0a646566207072656469637428726573756c74732c206e5f636c6173736573293a0a202020205f2c20707265645f6c626c73203d20636f6d707574655f70726f626162696c697469657328726573756c74732c206e5f636c6173736573290a2020202072657475726e20707265645f6c626c730a0a0a6465662067656e65726174655f6772696428646174612c20726573293a0a20202020786c696d203d206e702e6172726179285b6e702e6d696e28646174615b3a2c20305d292c206e702e6d617828646174615b3a2c20305d295d29202a20312e310a20202020796c696d203d206e702e6172726179285b6e702e6d696e28646174615b3a2c20315d292c206e702e6d617828646174615b3a2c20315d295d29202a20312e310a0a20202020232067656e657261746520612067726964206f66207265735e6e5f6178657320706f696e7473206f6e207468652063616e7661730a20202020785f6c696e7370616365203d206e702e6c696e737061636528786c696d5b305d2c20786c696d5b315d2c20726573290a20202020795f6c696e7370616365203d206e702e6c696e737061636528796c696d5b305d2c20796c696d5b315d2c20726573290a0a20202020795f677269642c20785f67726964203d206e702e6d6573686772696428795f6c696e73706163652c20785f6c696e7370616365290a2020202067726964203d206e702e76737461636b285b785f677269642e726176656c28292c20795f677269642e726176656c28295d290a0a20202020677269643264203d20677269642e54202023207472616e73666f726d28677269642e54290a0a2020202072657475726e206772696432640a0a0a64656620736176655f706c6f7428646174612c206c6162656c732c20677269642c2070726564696374696f6e73293a0a20202020666967203d20706c742e66696775726528290a2020202047203d2067726964737065632e477269645370656328312c2031290a20202020737562706c6f74203d20706c742e737562706c6f7428475b302c20305d290a0a202020202222222063726561746520612064696374696f6e61727920666f7220636f6c6f72696e672074686520706c6f74202222220a20202020636c6173736573203d206c69737428736574286c6162656c7329290a202020206e5f636c6173736573203d206c656e28636c6173736573290a20202020636f6c6f7273203d20636d2e6765745f636d617028227261696e626f77222c206e5f636c6173736573290a20202020636f6c6f72735f64696374203d207b7d0a20202020666f72206920696e2072616e6765286e5f636c6173736573293a0a2020202020202020636f6c6f72735f646963745b636c61737365735b695d5d203d20636f6c6f72732869290a0a2020202022222220706c6f742064617461202222220a20202020666f72206920696e2072616e6765286c656e286c6162656c7329293a0a2020202020202020737562706c6f742e7363617474657228646174615b695d5b305d2c20646174615b695d5b315d2c0a202020202020202020202020202020202020202020202020636f6c6f723d636f6c6f72735f646963745b6c6162656c735b695d5d2c0a202020202020202020202020202020202020202020202020733d3130302c206c773d302c206c6162656c3d6c6162656c735b695d290a0a20202020677269645f6c656e203d206c656e2867726964290a202020207265736f6c7574696f6e203d20696e74287371727428677269645f6c656e29290a0a2020202022222220706c6f74206465636973696f6e20626f756e64617279202222220a20202020737562706c6f742e636f6e746f75726628677269645b3a2c20305d2e72657368617065287265736f6c7574696f6e2c207265736f6c7574696f6e292c20677269645b3a2c20315d2e72657368617065287265736f6c7574696f6e2c207265736f6c7574696f6e292c0a20202020202020202020202020202020202020202070726564696374696f6e732e72657368617065287265736f6c7574696f6e2c207265736f6c7574696f6e292c20202320636f6c6f72733d226b222c0a2020202020202020202020202020202020202020206c6576656c733d6e5f636c6173736573202d20312c206c696e657374796c65733d5b222d225d2c0a202020202020202020202020202020202020202020636d61703d2777696e746572272c20616c7068613d302e33290a0a2020202022222220616464206c6567656e64202222220a2020202068616e646c65732c206c6162656c73203d20737562706c6f742e6765745f6c6567656e645f68616e646c65735f6c6162656c7328290a2020202062795f6c6162656c203d2064696374287a6970286c6162656c732c2068616e646c657329290a20202020737562706c6f742e6c6567656e642862795f6c6162656c2e76616c75657328292c2062795f6c6162656c2e6b6579732829290a0a202020206d795f737472696e67494f6279746573203d20696f2e4279746573494f28290a20202020706c742e73617665666967286d795f737472696e67494f62797465732c20666f726d61743d276a7067272c206470693d3330302c2062626f785f696e636865733d27746967687427290a202020206d795f737472696e67494f62797465732e7365656b2830290a202020206d795f6261736536345f6a706744617461203d206261736536342e623634656e636f6465286d795f737472696e67494f62797465732e726561642829292e6465636f646528227574662d3822290a20202020706c742e636c6f736528666967290a2020202072657475726e206d795f6261736536345f6a7067446174610a0a0a64656620657865637574655f6576616c756174696f6e28646174612c20636972637569745f74656d706c6174652c207468657461732c2069626d715f746f6b656e2c20636c75737465725f6d617070696e67293a0a202020207072696e7428274576616c756174696e67205153564d2e2e2e27290a0a2020202023206c6f616420726571756972656420646174610a20202020646174615f6172726179203d20746578745f746f5f61727261792864617461290a202020207265736f6c7574696f6e203d2035300a202020207468657461735f6c697374203d206e702e6172726179286a736f6e2e6c6f6164732874686574617329290a20202020636c75737465725f6d617070696e675f6c697374203d206e702e6172726179286a736f6e2e6c6f61647328636c75737465725f6d617070696e6729290a0a20202020232072657472696576652049424d51206261636b656e64206f626a6563740a202020206261636b656e64203d206372656174655f7161736d5f6261636b656e642869626d715f746f6b656e290a0a202020202320574f524b41524f554e4420756e74696c2068747470733a2f2f6769746875622e636f6d2f5169736b69742f7169736b69742d74657272612f6973737565732f353731302069732066697865640a20202020636972637569745f74656d706c617465203d207069636b6c652e6c6f61647328636f646563732e6465636f646528636972637569745f74656d706c6174652e656e636f646528292c20226261736536342229290a0a20202020232067656e65726174652064617461206772696420666f72206576616c756174696f6e0a2020202067726964203d2067656e65726174655f6772696428646174615f61727261792c207265736f6c7574696f6e290a0a20202020232067656e657261746520706172616d65746572697a6174696f6e20666f7220746865207465737420646174610a20202020706172616d65746572697a6174696f6e73203d2067656e65726174655f65765f636972637569745f706172616d65746572697a6174696f6e7328636972637569745f74656d706c6174652c20677269642c205b7468657461735f6c6973745d290a202020207072696e7428274e756d626572206f6620706172616d65746572697a6174696f6e733a20272c206c656e28706172616d65746572697a6174696f6e7329290a0a2020202023206578656375746520706172616d65746572697a65642063697263756974730a20202020726573756c7473203d2072756e5f636972637569747328636972637569745f74656d706c6174652c20706172616d65746572697a6174696f6e732c206261636b656e642c2038313932290a0a2020202023207072656469637420636c6173736573206261736564206f6e2074686520726573756c74730a2020202070726564696374696f6e5f6c6162656c73203d207072656469637428726573756c74732c2032290a0a2020202023206d616b6520746861742073757265206c6162656c732061726520696e7465676572730a20202020636c75737465725f6d617070696e675f6c697374203d20636c75737465725f6d617070696e675f6c6973742e61737479706528696e74290a2020202070726564696374696f6e5f6c6162656c73203d2070726564696374696f6e5f6c6162656c732e61737479706528696e74290a0a2020202023206372656174652074686520726573756c7420706c6f740a20202020706c6f74203d20736176655f706c6f7428646174615f61727261792c20636c75737465725f6d617070696e675f6c6973742c20677269642c2070726564696374696f6e5f6c6162656c73290a0a2020202072657475726e20706c6f743c2f62706d6e323a7363726970743e0a202020203c2f62706d6e323a7363726970745461736b3e0a20203c2f62706d6e323a70726f636573733e0a20203c62706d6e64693a42504d4e4469616772616d2069643d2242504d4e4469616772616d5f31223e0a202020203c62706d6e64693a42504d4e506c616e652069643d2242504d4e506c616e655f31222062706d6e456c656d656e743d2250223e0a2020202020203c62706d6e64693a42504d4e53686170652069643d2242504d4e53686170655f53746172744576656e745f31222062706d6e456c656d656e743d2253746172744576656e745f31223e0a20202020202020203c64633a426f756e647320783d223332322220793d22323430222077696474683d22333622206865696768743d22333622202f3e0a2020202020203c2f62706d6e64693a42504d4e53686170653e0a2020202020203c62706d6e64693a42504d4e53686170652069643d224576656e745f31356962706f645f6469222062706d6e456c656d656e743d224576656e745f31356962706f64223e0a20202020202020203c64633a426f756e647320783d223938322220793d22323430222077696474683d22333622206865696768743d22333622202f3e0a2020202020203c2f62706d6e64693a42504d4e53686170653e0a2020202020203c62706d6e64693a42504d4e53686170652069643d2241637469766974795f3171357072656a5f6469222062706d6e456c656d656e743d2241637469766974795f3061366b6e3632223e0a20202020202020203c64633a426f756e647320783d223832302220793d22323138222077696474683d2231303022206865696768743d22383022202f3e0a20202020202020203c62706d6e64693a42504d4e4c6162656c202f3e0a2020202020203c2f62706d6e64693a42504d4e53686170653e0a2020202020203c62706d6e64693a42504d4e53686170652069643d2241637469766974795f3033616c626e395f6469222062706d6e456c656d656e743d2241637469766974795f306d726b6f336b223e0a20202020202020203c64633a426f756e647320783d223633302220793d22323138222077696474683d2231303022206865696768743d22383022202f3e0a20202020202020203c62706d6e64693a42504d4e4c6162656c202f3e0a2020202020203c2f62706d6e64693a42504d4e53686170653e0a2020202020203c62706d6e64693a42504d4e456467652069643d22466c6f775f307331306461795f6469222062706d6e456c656d656e743d22466c6f775f30733130646179223e0a20202020202020203c64693a776179706f696e7420783d223335382220793d2232353822202f3e0a20202020202020203c64693a776179706f696e7420783d223633302220793d2232353822202f3e0a2020202020203c2f62706d6e64693a42504d4e456467653e0a2020202020203c62706d6e64693a42504d4e456467652069643d22466c6f775f303834376a35765f6469222062706d6e456c656d656e743d22466c6f775f303834376a3576223e0a20202020202020203c64693a776179706f696e7420783d223932302220793d2232353822202f3e0a20202020202020203c64693a776179706f696e7420783d223938322220793d2232353822202f3e0a2020202020203c2f62706d6e64693a42504d4e456467653e0a2020202020203c62706d6e64693a42504d4e456467652069643d22466c6f775f3135756139756f5f6469222062706d6e456c656d656e743d22466c6f775f3135756139756f223e0a20202020202020203c64693a776179706f696e7420783d223733302220793d2232353822202f3e0a20202020202020203c64693a776179706f696e7420783d223832302220793d2232353822202f3e0a2020202020203c2f62706d6e64693a42504d4e456467653e0a202020203c2f62706d6e64693a42504d4e506c616e653e0a20203c2f62706d6e64693a42504d4e4469616772616d3e0a3c2f62706d6e323a646566696e6974696f6e733e0a', 'c41fe57e-3a0d-422d-a6c4-6dcec298964a');
INSERT INTO public.file_data (id, data, file_id) VALUES ('923bd858-891c-4b95-8071-8843b1f023fb', '\x3c3f786d6c2076657273696f6e3d22312e302220656e636f64696e673d225554462d38223f3e0a3c62706d6e323a646566696e6974696f6e7320786d6c6e733a7873693d22687474703a2f2f7777772e77332e6f72672f323030312f584d4c536368656d612d696e7374616e63652220786d6c6e733a62706d6e323d22687474703a2f2f7777772e6f6d672e6f72672f737065632f42504d4e2f32303130303532342f4d4f44454c2220786d6c6e733a62706d6e64693d22687474703a2f2f7777772e6f6d672e6f72672f737065632f42504d4e2f32303130303532342f44492220786d6c6e733a64633d22687474703a2f2f7777772e6f6d672e6f72672f737065632f44442f32303130303532342f44432220786d6c6e733a64693d22687474703a2f2f7777772e6f6d672e6f72672f737065632f44442f32303130303532342f44492220786d6c6e733a7175616e746d653d2268747470733a2f2f6769746875622e636f6d2f5553542d5175416e74694c2f5175616e744d452d5175616e74756d3442504d4e222069643d2273616d706c652d6469616772616d22207461726765744e616d6573706163653d22687474703a2f2f62706d6e2e696f2f736368656d612f62706d6e22207873693a736368656d614c6f636174696f6e3d22687474703a2f2f7777772e6f6d672e6f72672f737065632f42504d4e2f32303130303532342f4d4f44454c2042504d4e32302e787364223e0a20203c62706d6e323a70726f636573732069643d22502220697345786563757461626c653d2274727565223e0a202020203c62706d6e323a73746172744576656e742069643d2253746172744576656e745f31223e0a2020202020203c62706d6e323a6f7574676f696e673e466c6f775f307331306461793c2f62706d6e323a6f7574676f696e673e0a202020203c2f62706d6e323a73746172744576656e743e0a202020203c62706d6e323a73657175656e6365466c6f772069643d22466c6f775f307331306461792220736f757263655265663d2253746172744576656e745f3122207461726765745265663d2241637469766974795f3077776c74743122202f3e0a202020203c62706d6e323a7363726970745461736b2069643d2241637469766974795f3077776c74743122206e616d653d2245786563757465204b4d65616e732220736372697074466f726d61743d22707974686f6e22207175616e746d653a726571756972656d656e74733d227169736b69743d3d302e34352e30262331303b7169736b69745f69626d5f70726f76696465723d3d302e372e32262331303b7265717565737473262331303b6e756d7079262331303b7169736b69745f6165723d3d302e31322e32223e0a2020202020203c62706d6e323a696e636f6d696e673e466c6f775f307331306461793c2f62706d6e323a696e636f6d696e673e0a2020202020203c62706d6e323a6f7574676f696e673e466c6f775f306a34397965323c2f62706d6e323a6f7574676f696e673e0a2020202020203c62706d6e323a7363726970743e696d706f7274206a736f6e0a66726f6d207169736b697420696d706f7274204165722c20657865637574650a696d706f7274206e756d7079206173206e700a66726f6d207169736b697420696d706f7274202a0a66726f6d207169736b697420696d706f7274207472616e7370696c650a66726f6d206d61746820696d706f72742061636f732c20737172740a66726f6d207169736b697420696d706f7274205175616e74756d436972637569740a696d706f72742072616e646f6d0a66726f6d2075726c6c69622e7265717565737420696d706f72742075726c6f70656e0a696d706f7274207169736b69740a66726f6d207169736b69745f69626d5f70726f766964657220696d706f72742049424d50726f76696465720a66726f6d207169736b69745f6165722e6261636b656e647320696d706f72742041657253696d756c61746f720a0a646566206d61696e286261636b656e642c20696e7075745f75726c2c2069626d715f746f6b656e2c202a2a6b7761726773293a0a20202020232053504c49543a20436c6173736963616c0a2020202063757272656e74497465726174696f6e203d20310a2020202063656e74726f696473203d206b77617267735b2263656e74726f696473225d0a2020202064617461203d206b77617267735b2264617461225d0a202020206261636b656e6430203d206261636b656e640a2020202069626d715f6261636b656e64203d206261636b656e640a2020202069626d715f746f6b656e203d206b77617267735b2269626d715f746f6b656e225d0a2020202063697263756974735f737472696e67203d206b77617267735b2263697263756974735f737472696e67225d0a202020206d61785f697465726174696f6e73203d2035300a20202020636c7573746572696e67436f6e766572676564203d20300a0a20202020232053504c49543a20436972637569742047656e65726174696f6e0a20202020636c7573746572696e67436f6e7665726765642c2063656e74726f6964732c20646174612c2063697263756974735f737472696e67203d204369726375697447656e65726174696f6e5461736b5f6578656375746528696e7075745f75726c290a0a202020207768696c652063757272656e74497465726174696f6e20266c743b206d61785f697465726174696f6e7320616e6420636c7573746572696e67436f6e76657267656420213d20313a0a2020202020202020232053504c49543a204369726375697420457865637574696f6e0a2020202020202020636c75737465725f6d617070696e67203d20546573745f657865637574652863697263756974735f737472696e672c2069626d715f746f6b656e2c2069626d715f6261636b656e642c206261636b656e6430290a2020202020202020232053504c49543a20526573756c74204576616c756174696f6e0a2020202020202020636c7573746572696e67436f6e7665726765642c206e65775f63656e74726f6964732c205f203d2041637469766974795f307336716c62625f6578656375746528636c75737465725f6d617070696e672c20646174612c2063656e74726f6964732c2063757272656e74497465726174696f6e290a0a2020202020202020232053504c49543a20506172616d65746572204f7074696d697a6174696f6e0a202020202020202063697263756974735f737472696e67203d2041637469766974795f307a7331396b695f65786563757465286e65775f63656e74726f6964732c2064617461290a0a2020202020202020232053504c49543a20436c6173736963616c200a202020202020202063757272656e74497465726174696f6e203d20436c6173736963616c5f657865637574652863757272656e74497465726174696f6e29200a0a0a64656620436c6173736963616c5f657865637574652863757272656e74497465726174696f6e293a0a2020202072657475726e2063757272656e74497465726174696f6e202b310a0a232323232323232323232323232323232323232323232323232323232323232323232323232323232323232323230a2320436f646520736e69707065747320666f722066696c65204b4d65616e734578656375746f72536572766963652e70790a232323232323232323232323232323232323232323232323232323232323232323232323232323232323232323230a0a0a646566205175616e74756d43697263756974457865637574696f6e5461736b5f30737177326e675f6d61705f686973746f6772616d5f746f5f71756269745f6869747328686973746f6772616d293a0a20202020232063726561746520617272617920616e642073746f7265207468652068697473207065722071756269742c20692e652e205b237c302667743b2c20237c312667743b5d0a202020206c656e677468203d20696e74286c656e286c69737428686973746f6772616d2e6b6579732829295b305d29290a2020202071756269745f68697473203d206e702e7a65726f7328286c656e6774682c203229290a0a20202020666f722062617369735f737461746520696e20686973746f6772616d3a0a2020202020202020666f72206920696e2072616e676528302c206c656e677468293a0a20202020202020202020202069662062617369735f73746174655b6c656e677468202d2069202d20315d203d3d202730273a0a2020202020202020202020202020202071756269745f686974735b695d5b305d203d2071756269745f686974735b695d5b305d202b20686973746f6772616d5b62617369735f73746174655d0a202020202020202020202020656c73653a0a2020202020202020202020202020202071756269745f686974735b695d5b315d203d2071756269745f686974735b695d5b315d202b20686973746f6772616d5b62617369735f73746174655d0a0a2020202072657475726e2071756269745f686974730a0a0a0a646566205175616e74756d43697263756974457865637574696f6e5461736b5f30737177326e675f63616c63756c6174655f7175626974735f305f6869747328686973746f6772616d293a0a202020202320746865206c656e6774682063616e2062652072656164206f75742066726f6d207468650a202020202320737472696e67206f6620616e79206172626974726172792028652e672e20746865203074682920626974737472696e670a202020206c656e677468203d20696e74286c656e286c69737428686973746f6772616d2e6b6579732829295b305d29290a2020202068697473203d206e702e7a65726f73286c656e677468290a0a2020202071756269745f686974735f6d6170203d205175616e74756d43697263756974457865637574696f6e5461736b5f30737177326e675f6d61705f686973746f6772616d5f746f5f71756269745f6869747328686973746f6772616d290a20202020666f72206920696e2072616e676528302c20696e742871756269745f686974735f6d61702e73686170655b305d29293a0a2020202020202020686974735b695d203d20696e742871756269745f686974735f6d61705b695d5b305d290a0a2020202072657475726e20686974730a0a0a0a646566205175616e74756d43697263756974457865637574696f6e5461736b5f30737177326e675f63616c63756c6174655f636c75737465725f6d617070696e6728616d6f756e745f6f665f646174612c206b2c2064697374616e636573293a0a20202020636c75737465725f6d617070696e67203d206e702e7a65726f7328616d6f756e745f6f665f64617461290a20202020666f72206920696e2072616e676528302c20616d6f756e745f6f665f64617461293a0a20202020202020206c6f776573745f64697374616e6365203d2064697374616e6365735b69202a206b202b20305d0a20202020202020206c6f776573745f64697374616e63655f63656e74726f69645f696e646578203d20300a2020202020202020666f72206a20696e2072616e676528312c206b293a0a20202020202020202020202069662064697374616e6365735b69202a206b202b206a5d20266c743b206c6f776573745f64697374616e63653a0a202020202020202020202020202020206c6f776573745f64697374616e63655f63656e74726f69645f696e646578203d206a0a2020202020202020636c75737465725f6d617070696e675b695d203d206c6f776573745f64697374616e63655f63656e74726f69645f696e6465780a0a2020202072657475726e20636c75737465725f6d617070696e670a0a0a0a646566205175616e74756d43697263756974457865637574696f6e5461736b5f30737177326e675f657865637574655f6e656761746976655f726f746174696f6e5f636c7573746572696e672863697263756974732c206b2c206261636b656e642c2073686f74735f7065725f63697263756974293a0a202020202320746869732069732074686520616d6f756e74206f6620717562697473207468617420617265206e656564656420696e20746f74616c0a202020202320616e6420616c736f2074686520616d6f756e74206f662064697374616e6365732c20692e652e206576657279206461746120706f696e740a202020202320746f2065766572792063656e74726f69640a20202020676c6f62616c5f776f726b5f616d6f756e74203d20300a20202020666f72207175616e74756d5f6369726375697420696e2063697263756974733a0a2020202020202020676c6f62616c5f776f726b5f616d6f756e74202b3d207175616e74756d5f636972637569742e6e756d5f7175626974730a0a20202020232073746f726520736f6d652067656e6572616c20696e666f726d6174696f6e2061626f75742074686520646174610a20202020616d6f756e745f6f665f64617461203d20696e7428676c6f62616c5f776f726b5f616d6f756e74202f206b290a0a20202020232077652073746f7265207468652064697374616e636573206173205b2874312c6331292c202874312c6332292c202e2e2e2c202874312c636e292c202874322c6331292c202e2e2e2c2028746d2c636e295d0a2020202023207768696c652065616368202874692c636a29207374616e647320666f72206f6e652064697374616e63652c20692e652e202874692c636a29203d2064697374616e6365206461746120706f696e7420690a202020202320746f2063656e74726f6964206a0a2020202064697374616e636573203d206e702e7a65726f7328676c6f62616c5f776f726b5f616d6f756e74290a0a202020202320746869732069732074686520696e64657820746f2069746572617465206f76657220616c6c20706172616d6574657220706169727320696e207468652071756575652028706172616d6574657273206c697374290a20202020696e646578203d20300a0a20202020666f72207175616e74756d5f6369726375697420696e2063697263756974733a0a20202020202020202320747261636b2074686520706172616d657465722070616972732077652077696c6c20636865636b2077697468696e206561636820636972637569740a2020202020202020696e646578202b3d207175616e74756d5f636972637569742e6e756d5f7175626974730a0a2020202020202020232065786563757465206f6e2049424d51206261636b656e640a20202020202020207472616e7370696c65645f63697263756974203d207472616e7370696c65287175616e74756d5f636972637569742c206261636b656e64290a20202020202020207072696e74282245786563757465206e6f77207472616e7370696c6564206369726375697473206f6e206261636b656e6422290a20202020202020206a6f62203d206261636b656e642e72756e287472616e7370696c65645f63697263756974290a20202020202020200a2020202020202020232073746f72652074686520726573756c7420666f7220746869732073756220636972637569742072756e0a2020202020202020686973746f6772616d203d206a6f622e726573756c7428292e6765745f636f756e747328290a202020202020202068697473203d205175616e74756d43697263756974457865637574696f6e5461736b5f30737177326e675f63616c63756c6174655f7175626974735f305f6869747328686973746f6772616d290a0a2020202020202020232057652077696c6c2061737369676e20746865206461746120706f696e7420746f207468652063656e74726f69640a2020202020202020232077697468206d6f7265203020686974732e20452e672e206966206b203d2032207765206861766520686974730a20202020202020202320666f722074686520636f6d70617269736f6e20776974682074686520666972737420616e64207365636f6e640a2020202020202020232063656e74726f69642e20546865206869676865722074686520686974732c2074686520636c6f7365722077650a202020202020202023206172652c20692e652e20746865206c6f776572207468652064697374616e63652e20492e652e207468650a2020202020202020232068697420616d6f756e7420697320616e74692070726f706f7274696f6e616c20746f207468652064697374616e63652e0a2020202020202020232048656e63652c20776520616464206120736d616c6c20616d6f756e7420746f2065616368206869742028746f2061766f69640a202020202020202023207a65726f206469766973696f6e2920616e642074616b652074686520696e7665727365206f6620697420616e640a202020202020202023206c65742074686520737570657220636c6173732063616c63756c61746520746865206d617070696e672c2077686963680a2020202020202020232077696c6c2061737369676e20746f207468652063656e74726f69642077697468206d696e696d616c2064697374616e63652e0a2020202020202020736166655f64656c7461203d2035300a2020202020202020666f72206920696e2072616e676528302c20686974732e73686170655b305d293a0a20202020202020202020202064697374616e6365735b696e646578202d207175616e74756d5f636972637569742e6e756d5f717562697473202b20695d203d20312e30202f2028686974735b695d202b20736166655f64656c7461290a0a20202020232063616c63756c61746520746865206e657720636c7573746572206d617070696e670a20202020636c75737465725f6d617070696e67203d205175616e74756d43697263756974457865637574696f6e5461736b5f30737177326e675f63616c63756c6174655f636c75737465725f6d617070696e6728616d6f756e745f6f665f646174612c206b2c2064697374616e636573290a0a2020202072657475726e20636c75737465725f6d617070696e670a0a646566206372656174655f6261636b656e64286261636b656e645f6e616d652c20746f6b656e293a0a2020202063726564656e7469616c73203d207b0a20202020202022746f6b656e223a20746f6b656e0a202020207d0a202020207072696e74282741637469766174696e672049424d51206163636f756e742127290a202020206966206261636b656e645f6e616d65203d3d2022223a0a20202020202020206261636b656e64203d2041657253696d756c61746f7228290a20202020656c73653a0a202020202020202070726f7669646572203d2049424d50726f7669646572282a2a63726564656e7469616c73290a20202020202020206261636b656e64203d2070726f76696465722e6765745f6261636b656e64286261636b656e645f6e616d65290a202020200a2020202072657475726e206261636b656e640a0a64656620546573745f657865637574652863697263756974735f737472696e672c2069626d715f746f6b656e2c2069626d715f6261636b656e642c206261636b656e6430293a0a202020207072696e742827457865637574696e67204b2d4d65616e732063697263756974732e2e2e27290a0a20202020232072657472696576652049424d51206261636b656e64206f626a6563740a202020206261636b656e64203d206372656174655f6261636b656e642869626d715f6261636b656e642c2069626d715f746f6b656e290a0a20202020232072657472696576652063697263756974732066726f6d2074686520737472696e6720726570726573656e746174696f6e0a2020202063697263756974735f737472696e6773203d2063697263756974735f737472696e672e73706c697428272323232323232323232327290a202020206369726375697473203d205b5d0a20202020666f7220636972637569745f737472696e6720696e2063697263756974735f737472696e67733a0a202020202020202063697263756974732e617070656e64285175616e74756d436972637569742e66726f6d5f7161736d5f73747228636972637569745f737472696e6729290a0a202020202320657865637574652074686520636972637569747320616e642072657472696576652074686520636c7573746572206d617070696e67730a202020207072696e742827457865637574696e672063697263756974733a20272c206c656e28636972637569747329290a20202020636c75737465725f6d617070696e67203d205175616e74756d43697263756974457865637574696f6e5461736b5f30737177326e675f657865637574655f6e656761746976655f726f746174696f6e5f636c7573746572696e672863697263756974732c20322c206261636b656e642c2031303234290a0a2020202072657475726e20737472286a736f6e2e64756d707328636c75737465725f6d617070696e672e746f6c697374282929290a0a0a23206c6f61642070726f76696465722064657461696c73207769746820676976656e2c2055524c2c206875622c2067726f75702c20616e642070726f6a6563740a232323232323232323232323232323232323232323232323232323232323232323232323232323232323232323230a2320436f646520736e69707065747320666f722066696c65204b4d65616e73436f6e76657267656e6365536572766963652e70790a232323232323232323232323232323232323232323232323232323232323232323232323232323232323232323230a0a6465662041637469766974795f307336716c62625f746578745f746f5f61727261792874657874293a0a20202020746578745f6c696e6573203d206c6973742866696c746572284e6f6e652c20746578742e73706c697428225c6e222929290a20202020646174615f6172726179203d206e702e7a65726f732873686170653d286c656e28746578745f6c696e6573292c203229290a20202020666f72206964782c20646174615f6c696e6520696e20656e756d657261746528746578745f6c696e6573293a0a2020202020202020666f72206964792c2076616c3220696e20656e756d657261746528646174615f6c696e652e73706c69742822202229293a0a202020202020202020202020646174615f61727261795b6964785d5b6964795d203d20666c6f61742876616c32290a2020202072657475726e20646174615f61727261790a0a0a0a6465662041637469766974795f307336716c62625f7374616e64617264697a6528646174615f746f5f7374616e64617264697a65293a0a20202020646174615f78203d206e702e7a65726f7328646174615f746f5f7374616e64617264697a652e73686170655b305d290a20202020646174615f79203d206e702e7a65726f7328646174615f746f5f7374616e64617264697a652e73686170655b305d290a2020202070726570726f6365737365645f64617461203d206e702e7a65726f735f6c696b6528646174615f746f5f7374616e64617264697a65290a0a202020202320637265617465207820616e64207920636f6f7264696e617465206172726179730a20202020666f72206920696e2072616e676528302c206c656e28646174615f746f5f7374616e64617264697a6529293a0a2020202020202020646174615f785b695d203d20646174615f746f5f7374616e64617264697a655b695d5b305d0a2020202020202020646174615f795b695d203d20646174615f746f5f7374616e64617264697a655b695d5b315d0a0a2020202023206d616b65207a65726f206d65616e20616e6420756e69742076617269616e63652c20692e652e207374616e64617264697a650a2020202074656d705f646174615f78203d2028646174615f78202d206e702e6d65616e28646174615f782929202f206e702e73746428646174615f78290a2020202074656d705f646174615f79203d2028646174615f79202d206e702e6d65616e28646174615f792929202f206e702e73746428646174615f79290a0a202020202320637265617465207475706c657320746f2072657475726e0a20202020666f72206920696e2072616e676528302c20646174615f746f5f7374616e64617264697a652e73686170655b305d293a0a202020202020202070726570726f6365737365645f646174615b695d5b305d203d2074656d705f646174615f785b695d0a202020202020202070726570726f6365737365645f646174615b695d5b315d203d2074656d705f646174615f795b695d0a0a2020202072657475726e2070726570726f6365737365645f646174610a0a0a0a6465662041637469766974795f307336716c62625f6e6f726d616c697a6528646174615f746f5f6e6f726d616c697a65293a0a202020206e6f726d616c697a65645f64617461203d206e702e7a65726f735f6c696b6528646174615f746f5f6e6f726d616c697a65290a0a202020202320637265617465207475706c657320616e64206e6f726d616c697a650a20202020666f72206920696e2072616e676528302c20646174615f746f5f6e6f726d616c697a652e73686170655b305d293a0a20202020202020206e6f726d203d207371727428706f7728646174615f746f5f6e6f726d616c697a655b695d5b305d2c203229202b20706f7728646174615f746f5f6e6f726d616c697a655b695d5b315d2c203229290a20202020202020206e6f726d616c697a65645f646174615b695d5b305d203d20646174615f746f5f6e6f726d616c697a655b695d5b305d202f206e6f726d0a20202020202020206e6f726d616c697a65645f646174615b695d5b315d203d20646174615f746f5f6e6f726d616c697a655b695d5b315d202f206e6f726d0a0a2020202072657475726e206e6f726d616c697a65645f646174610a0a0a0a6465662041637469766974795f307336716c62625f63656e74726f6964735f746f5f61727261792863656e74726f696473293a0a2020202063656e74726f6964735f6c697374203d2063656e74726f6964732e7265706c61636528225c6e222c202222292e73706c697428225d205b22290a2020202063656e74726f6964735f6172726179203d206e702e7a65726f732873686170653d286c656e2863656e74726f6964735f6c697374292c203229290a20202020666f72206964782c2063656e74726f696420696e20656e756d65726174652863656e74726f6964735f6c697374293a0a2020202020202020646174615f706f696e7473203d206c6973742866696c746572284e6f6e652c2063656e74726f69642e7265706c61636528225d222c202222292e7265706c61636528225b222c202222292e73706c6974282220222929290a2020202020202020666f72206964792c20646174615f706f696e7420696e20656e756d657261746528646174615f706f696e7473293a0a20202020202020202020202063656e74726f6964735f61727261795b6964785d5b6964795d203d20666c6f617428646174615f706f696e74290a2020202072657475726e2063656e74726f6964735f61727261790a0a0a0a6465662041637469766974795f307336716c62625f63616c63756c6174655f63656e74726f69647328636c75737465725f6d617070696e672c206f6c645f63656e74726f6964732c2064617461293a0a20202020232063726561746520656d707479206172726179730a2020202063656e74726f696473203d206e702e7a65726f735f6c696b65286f6c645f63656e74726f696473290a20202020636c75737465725f6b203d2063656e74726f6964732e73686170655b305d0a0a20202020666f72206920696e2072616e676528302c20636c75737465725f6b293a0a202020202020202073756d5f78203d20300a202020202020202073756d5f79203d20300a2020202020202020616d6f756e74203d20300a2020202020202020666f72206a20696e2072616e676528302c20636c75737465725f6d617070696e672e73686170655b305d293a0a202020202020202020202020696620636c75737465725f6d617070696e675b6a5d203d3d20693a0a2020202020202020202020202020202073756d5f78202b3d20646174615b6a5d5b305d0a2020202020202020202020202020202073756d5f79202b3d20646174615b6a5d5b315d0a20202020202020202020202020202020616d6f756e74202b3d20310a0a202020202020202023206966206e6f20706f696e74732061737369676e656420746f2063656e74726f69642c2074616b65206f6c6420636f6f7264696e617465730a2020202020202020696620616d6f756e74203d3d20303a0a20202020202020202020202061766572616765645f78203d206f6c645f63656e74726f6964735b695d5b305d0a20202020202020202020202061766572616765645f79203d206f6c645f63656e74726f6964735b695d5b315d0a2020202020202020656c73653a0a20202020202020202020202061766572616765645f78203d2073756d5f78202f20616d6f756e740a20202020202020202020202061766572616765645f79203d2073756d5f79202f20616d6f756e740a0a20202020202020206e6f726d203d207371727428706f772861766572616765645f782c203229202b20706f772861766572616765645f792c203229290a202020202020202063656e74726f6964735b695d5b305d203d2061766572616765645f78202f206e6f726d0a202020202020202063656e74726f6964735b695d5b315d203d2061766572616765645f79202f206e6f726d0a0a2020202072657475726e2063656e74726f6964730a0a0a0a6465662041637469766974795f307336716c62625f63616c63756c6174655f6575636c696465616e5f64697374616e63652866697273742c207365636f6e64293a0a202020206e6f726d203d20302e300a20202020666f72206920696e2072616e676528302c2066697273742e73686170655b305d293a0a20202020202020206e6f726d202b3d20706f772866697273745b695d202d207365636f6e645b695d2c2032290a2020202072657475726e2073717274286e6f726d290a0a0a0a6465662041637469766974795f307336716c62625f63616c63756c6174655f61766572616765645f6575636c696465616e5f64697374616e6365286f6c645f63656e74726f6964732c206e65775f63656e74726f696473293a0a20202020726573756c74203d20302e300a20202020666f72206920696e2072616e676528302c206f6c645f63656e74726f6964732e73686170655b305d293a0a2020202020202020726573756c74202b3d2041637469766974795f307336716c62625f63616c63756c6174655f6575636c696465616e5f64697374616e6365286f6c645f63656e74726f6964735b695d2c206e65775f63656e74726f6964735b695d290a2020202072657475726e20726573756c74202f206f6c645f63656e74726f6964732e73686170655b305d0a0a0a0a6465662041637469766974795f307336716c62625f6578656375746528636c75737465725f6d617070696e672c20646174612c2063656e74726f6964732c20697465726174696f6e73293a0a202020207072696e74282743616c63756c6174696e67206e65772063656e74726f6964732e2e2e27290a0a20202020232063616c63756c617465206e65772063656e74726f696473206261736564206f6e20746865206369726375697420657865637574696f6e20726573756c74730a20202020636c75737465725f6d617070696e675f6c697374203d206e702e6172726179286a736f6e2e6c6f61647328636c75737465725f6d617070696e6729290a20202020646174615f6172726179203d2041637469766974795f307336716c62625f746578745f746f5f61727261792864617461290a202020207374616e64617264697a65645f64617461203d2041637469766974795f307336716c62625f7374616e64617264697a6528646174615f6172726179290a202020206e6f726d616c697a65645f64617461203d2041637469766974795f307336716c62625f6e6f726d616c697a65287374616e64617264697a65645f64617461290a202020206f6c645f63656e74726f6964735f6172726179203d2041637469766974795f307336716c62625f63656e74726f6964735f746f5f61727261792863656e74726f696473290a202020206f6c645f63656e74726f6964735f7374616e64617264697a6564203d2041637469766974795f307336716c62625f7374616e64617264697a65286f6c645f63656e74726f6964735f6172726179290a202020206f6c645f63656e74726f696473203d2041637469766974795f307336716c62625f6e6f726d616c697a65286f6c645f63656e74726f6964735f7374616e64617264697a6564290a202020206e65775f63656e74726f696473203d2041637469766974795f307336716c62625f63616c63756c6174655f63656e74726f69647328636c75737465725f6d617070696e675f6c6973742c206f6c645f63656e74726f6964732c206e6f726d616c697a65645f64617461290a0a20202020232063616c63756c6174652064697374616e6365206265747765656e206e657720616e64206f6c642063656e74726f6964730a2020202064697374616e6365203d2041637469766974795f307336716c62625f63616c63756c6174655f61766572616765645f6575636c696465616e5f64697374616e6365286f6c645f63656e74726f6964732c206e65775f63656e74726f696473290a0a202020202320636865636b20636f6e76657267656e63650a20202020697465726174696f6e73203d20696e7428697465726174696f6e7329202b20310a20202020636c7573746572696e67436f6e766572676564203d2031206966202864697374616e636520266c743b20302e3129206f722028697465726174696f6e73202667743b2031302920656c736520300a0a2020202072657475726e20636c7573746572696e67436f6e7665726765642c20737472286e65775f63656e74726f696473292c2073747228697465726174696f6e73290a0a0a232323232323232323232323232323232323232323232323232323232323232323232323232323232323232323230a2320436f646520736e69707065747320666f722066696c65204b4d65616e7341646170746174696f6e536572766963652e70790a232323232323232323232323232323232323232323232323232323232323232323232323232323232323232323230a0a6465662041637469766974795f307a7331396b695f746578745f746f5f61727261792874657874293a0a20202020746578745f6c696e6573203d206c6973742866696c746572284e6f6e652c20746578742e73706c697428225c6e222929290a20202020646174615f6172726179203d206e702e7a65726f732873686170653d286c656e28746578745f6c696e6573292c203229290a20202020666f72206964782c20646174615f6c696e6520696e20656e756d657261746528746578745f6c696e6573293a0a2020202020202020666f72206964792c2076616c3220696e20656e756d657261746528646174615f6c696e652e73706c69742822202229293a0a202020202020202020202020646174615f61727261795b6964785d5b6964795d203d20666c6f61742876616c32290a2020202072657475726e20646174615f61727261790a0a0a0a6465662041637469766974795f307a7331396b695f7374616e64617264697a6528646174615f746f5f7374616e64617264697a65293a0a20202020646174615f78203d206e702e7a65726f7328646174615f746f5f7374616e64617264697a652e73686170655b305d290a20202020646174615f79203d206e702e7a65726f7328646174615f746f5f7374616e64617264697a652e73686170655b305d290a2020202070726570726f6365737365645f64617461203d206e702e7a65726f735f6c696b6528646174615f746f5f7374616e64617264697a65290a0a202020202320637265617465207820616e64207920636f6f7264696e617465206172726179730a20202020666f72206920696e2072616e676528302c206c656e28646174615f746f5f7374616e64617264697a6529293a0a2020202020202020646174615f785b695d203d20646174615f746f5f7374616e64617264697a655b695d5b305d0a2020202020202020646174615f795b695d203d20646174615f746f5f7374616e64617264697a655b695d5b315d0a0a2020202023206d616b65207a65726f206d65616e20616e6420756e69742076617269616e63652c20692e652e207374616e64617264697a650a2020202074656d705f646174615f78203d2028646174615f78202d206e702e6d65616e28646174615f782929202f206e702e73746428646174615f78290a2020202074656d705f646174615f79203d2028646174615f79202d206e702e6d65616e28646174615f792929202f206e702e73746428646174615f79290a0a202020202320637265617465207475706c657320746f2072657475726e0a20202020666f72206920696e2072616e676528302c20646174615f746f5f7374616e64617264697a652e73686170655b305d293a0a202020202020202070726570726f6365737365645f646174615b695d5b305d203d2074656d705f646174615f785b695d0a202020202020202070726570726f6365737365645f646174615b695d5b315d203d2074656d705f646174615f795b695d0a0a2020202072657475726e2070726570726f6365737365645f646174610a0a0a0a6465662041637469766974795f307a7331396b695f6e6f726d616c697a6528646174615f746f5f6e6f726d616c697a65293a0a202020206e6f726d616c697a65645f64617461203d206e702e7a65726f735f6c696b6528646174615f746f5f6e6f726d616c697a65290a0a202020202320637265617465207475706c657320616e64206e6f726d616c697a650a20202020666f72206920696e2072616e676528302c20646174615f746f5f6e6f726d616c697a652e73686170655b305d293a0a20202020202020206e6f726d203d207371727428706f7728646174615f746f5f6e6f726d616c697a655b695d5b305d2c203229202b20706f7728646174615f746f5f6e6f726d616c697a655b695d5b315d2c203229290a20202020202020206e6f726d616c697a65645f646174615b695d5b305d203d20646174615f746f5f6e6f726d616c697a655b695d5b305d202f206e6f726d0a20202020202020206e6f726d616c697a65645f646174615b695d5b315d203d20646174615f746f5f6e6f726d616c697a655b695d5b315d202f206e6f726d0a0a2020202072657475726e206e6f726d616c697a65645f646174610a0a0a0a6465662041637469766974795f307a7331396b695f63656e74726f6964735f746f5f61727261792863656e74726f696473293a0a2020202063656e74726f6964735f6c697374203d2063656e74726f6964732e7265706c61636528225c6e222c202222292e73706c697428225d205b22290a2020202063656e74726f6964735f6172726179203d206e702e7a65726f732873686170653d286c656e2863656e74726f6964735f6c697374292c203229290a20202020666f72206964782c2063656e74726f696420696e20656e756d65726174652863656e74726f6964735f6c697374293a0a2020202020202020646174615f706f696e7473203d206c6973742866696c746572284e6f6e652c2063656e74726f69642e7265706c61636528225d222c202222292e7265706c61636528225b222c202222292e73706c6974282220222929290a2020202020202020666f72206964792c20646174615f706f696e7420696e20656e756d657261746528646174615f706f696e7473293a0a20202020202020202020202063656e74726f6964735f61727261795b6964785d5b6964795d203d20666c6f617428646174615f706f696e74290a2020202072657475726e2063656e74726f6964735f61727261790a0a0a0a6465662041637469766974795f307a7331396b695f63616c63756c6174655f616e676c65732863617274657369616e5f706f696e74732c20626173655f766563746f72293a0a20202020616e676c6573203d206e702e7a65726f732863617274657369616e5f706f696e74732e73686170655b305d290a20202020666f72206920696e2072616e676528302c20616e676c65732e73686170655b305d293a0a2020202020202020616e676c65735b695d203d2061636f7328626173655f766563746f725b305d202a2063617274657369616e5f706f696e74735b695d5b305d202b20626173655f766563746f725b315d202a2063617274657369616e5f706f696e74735b695d5b315d290a0a2020202072657475726e20616e676c65730a0a0a0a6465662041637469766974795f307a7331396b695f67656e65726174655f6e656761746976655f726f746174696f6e5f636c7573746572696e67286d61785f7175626974732c20646174615f616e676c65732c2063656e74726f69645f616e676c6573293a0a20202020232073746f72652061206c697374206f66207175616e74756d2063697263756974730a202020206369726375697473203d205b5d0a0a2020202023207468697320697320616c736f2074686520616d6f756e74206f6620717562697473207468617420617265206e656564656420696e20746f74616c0a20202020676c6f62616c5f776f726b5f616d6f756e74203d2063656e74726f69645f616e676c65732e73686170655b305d202a20646174615f616e676c65732e73686170655b305d0a0a202020202320637265617465207475706c6573206f6620706172616d657465727320636f72726573706f6e64696e6720666f7220656163682071756269742c0a202020202320692e652e20637265617465205b5b74312c63315d2c205b74312c63325d2c202e2e2e2c205b74312c636e5d2c205b74322c63315d2c202e2e2e2c205b746d2c636e5d5d0a2020202023206e6f772077697468207469203d20646174615f616e676c655f6920616e6420636a203d2063656e74726f69645f616e676c655f6a0a20202020706172616d6574657273203d205b5d0a20202020666f72206920696e2072616e676528302c20646174615f616e676c65732e73686170655b305d293a0a2020202020202020666f72206a20696e2072616e676528302c2063656e74726f69645f616e676c65732e73686170655b305d293a0a202020202020202020202020706172616d65746572732e617070656e642828646174615f616e676c65735b695d2c2063656e74726f69645f616e676c65735b6a5d29290a0a202020202320746869732069732074686520696e64657820746f2069746572617465206f76657220616c6c20706172616d6574657220706169727320696e207468652071756575652028706172616d6574657273206c697374290a20202020696e646578203d20300a2020202071756575655f6e6f745f656d707479203d20547275650a0a2020202023206372656174652074686520636972637569742873290a202020207768696c652071756575655f6e6f745f656d7074793a0a20202020202020206d61785f7175626974735f666f725f63697263756974203d20676c6f62616c5f776f726b5f616d6f756e74202d20696e6465780a0a20202020202020206966206d61785f71756269747320266c743b206d61785f7175626974735f666f725f636972637569743a0a2020202020202020202020207175626974735f666f725f63697263756974203d206d61785f7175626974730a2020202020202020656c73653a0a2020202020202020202020207175626974735f666f725f63697263756974203d206d61785f7175626974735f666f725f636972637569740a0a20202020202020207163203d205175616e74756d43697263756974287175626974735f666f725f636972637569742c207175626974735f666f725f63697263756974290a0a2020202020202020666f72206920696e2072616e676528302c207175626974735f666f725f63697263756974293a0a2020202020202020202020202320746573745f616e676c6520726f746174696f6e0a20202020202020202020202071632e727928706172616d65746572735b696e6465785d5b305d2c2069290a0a20202020202020202020202023206e656761746976652063656e74726f69645f616e676c6520726f746174696f6e0a20202020202020202020202071632e7279282d706172616d65746572735b696e6465785d5b315d2c2069290a0a20202020202020202020202023206d6561737572650a20202020202020202020202071632e6d65617375726528692c2069290a0a202020202020202020202020696e646578202b3d20310a202020202020202020202020696620696e646578203d3d20676c6f62616c5f776f726b5f616d6f756e743a0a2020202020202020202020202020202071756575655f6e6f745f656d707479203d2046616c73650a20202020202020202020202020202020627265616b0a0a202020202020202063697263756974732e617070656e64287163290a0a2020202072657475726e2063697263756974730a0a0a0a6465662041637469766974795f307a7331396b695f657865637574652863656e74726f6964732c2064617461293a0a202020207072696e7428274164617074696e67204b2d4d65616e732063697263756974732e2e2e27290a0a20202020232063616c63756c61746520616e676c6573206f662062617365206461746120706f696e747320616e642063656e74726f6964730a202020207072696e74282743616c63756c6174696e6720616e676c65732e2e2e27290a20202020626173655f766563746f72203d206e702e6172726179285b302e373037312c20302e373037315d290a20202020646174615f6172726179203d2041637469766974795f307a7331396b695f746578745f746f5f61727261792864617461290a202020207374616e64617264697a65645f64617461203d2041637469766974795f307a7331396b695f7374616e64617264697a6528646174615f6172726179290a202020206e6f726d616c697a65645f64617461203d2041637469766974795f307a7331396b695f6e6f726d616c697a65287374616e64617264697a65645f64617461290a202020206f6c645f63656e74726f6964735f6172726179203d2041637469766974795f307a7331396b695f63656e74726f6964735f746f5f61727261792863656e74726f696473290a202020206f6c645f63656e74726f6964735f7374616e64617264697a6564203d2041637469766974795f307a7331396b695f7374616e64617264697a65286f6c645f63656e74726f6964735f6172726179290a202020206f6c645f63656e74726f696473203d2041637469766974795f307a7331396b695f6e6f726d616c697a65286f6c645f63656e74726f6964735f7374616e64617264697a6564290a20202020646174615f616e676c6573203d2041637469766974795f307a7331396b695f63616c63756c6174655f616e676c6573286e6f726d616c697a65645f646174612c20626173655f766563746f72290a2020202063656e74726f69645f616e676c6573203d2041637469766974795f307a7331396b695f63616c63756c6174655f616e676c6573286f6c645f63656e74726f6964732c20626173655f766563746f72290a0a0a0a20202020232067656e657261746520746865207175616e74756d20636972637569747320666f7220612051505520776974682035207175626974730a202020207072696e74282747656e65726174696e672063697263756974732e2e2e27290a202020206369726375697473203d2041637469766974795f307a7331396b695f67656e65726174655f6e656761746976655f726f746174696f6e5f636c7573746572696e6728352c20646174615f616e676c65732c2063656e74726f69645f616e676c6573290a2020202063697263756974735f737472696e67203d2027232323232323232323235c6e272e6a6f696e285b636972637569742e7161736d282920666f72206369726375697420696e2063697263756974735d290a0a2020202072657475726e207374722863697263756974735f737472696e67290a0a0a6465662067656e65726174655f72616e646f6d5f63656e74726f69647328616d6f756e74293a0a2020202063656e74726f696473203d206e702e7a65726f732828616d6f756e742c203229290a0a2020202023206372656174652072616e646f6d20666c6f6174206e756d626572732070657220636f6f7264696e6174650a20202020666f72206920696e2072616e676528302c20616d6f756e74293a0a202020202020202063656e74726f6964735b695d5b305d203d2072616e646f6d2e756e69666f726d282d312e302c20312e30290a202020202020202063656e74726f6964735b695d5b315d203d2072616e646f6d2e756e69666f726d282d312e302c20312e30290a0a2020202072657475726e2063656e74726f6964730a0a0a64656620746578745f746f5f61727261792874657874293a0a20202020746578745f6c696e6573203d206c6973742866696c746572284e6f6e652c20746578742e73706c697428225c6e222929290a20202020646174615f6172726179203d206e702e7a65726f732873686170653d286c656e28746578745f6c696e6573292c203229290a20202020666f72206964782c20646174615f6c696e6520696e20656e756d657261746528746578745f6c696e6573293a0a2020202020202020666f72206964792c2076616c3220696e20656e756d657261746528646174615f6c696e652e73706c69742822202229293a0a202020202020202020202020646174615f61727261795b6964785d5b6964795d203d20666c6f61742876616c32290a2020202072657475726e20646174615f61727261790a0a0a646566207374616e64617264697a6528646174615f746f5f7374616e64617264697a65293a0a20202020646174615f78203d206e702e7a65726f7328646174615f746f5f7374616e64617264697a652e73686170655b305d290a20202020646174615f79203d206e702e7a65726f7328646174615f746f5f7374616e64617264697a652e73686170655b305d290a2020202070726570726f6365737365645f64617461203d206e702e7a65726f735f6c696b6528646174615f746f5f7374616e64617264697a65290a0a202020202320637265617465207820616e64207920636f6f7264696e617465206172726179730a20202020666f72206920696e2072616e676528302c206c656e28646174615f746f5f7374616e64617264697a6529293a0a2020202020202020646174615f785b695d203d20646174615f746f5f7374616e64617264697a655b695d5b305d0a2020202020202020646174615f795b695d203d20646174615f746f5f7374616e64617264697a655b695d5b315d0a0a2020202023206d616b65207a65726f206d65616e20616e6420756e69742076617269616e63652c20692e652e207374616e64617264697a650a2020202074656d705f646174615f78203d2028646174615f78202d206e702e6d65616e28646174615f782929202f206e702e73746428646174615f78290a2020202074656d705f646174615f79203d2028646174615f79202d206e702e6d65616e28646174615f792929202f206e702e73746428646174615f79290a0a202020202320637265617465207475706c657320746f2072657475726e0a20202020666f72206920696e2072616e676528302c20646174615f746f5f7374616e64617264697a652e73686170655b305d293a0a202020202020202070726570726f6365737365645f646174615b695d5b305d203d2074656d705f646174615f785b695d0a202020202020202070726570726f6365737365645f646174615b695d5b315d203d2074656d705f646174615f795b695d0a0a2020202072657475726e2070726570726f6365737365645f646174610a0a0a646566206e6f726d616c697a6528646174615f746f5f6e6f726d616c697a65293a0a202020206e6f726d616c697a65645f64617461203d206e702e7a65726f735f6c696b6528646174615f746f5f6e6f726d616c697a65290a0a202020202320637265617465207475706c657320616e64206e6f726d616c697a650a20202020666f72206920696e2072616e676528302c20646174615f746f5f6e6f726d616c697a652e73686170655b305d293a0a20202020202020206e6f726d203d207371727428706f7728646174615f746f5f6e6f726d616c697a655b695d5b305d2c203229202b20706f7728646174615f746f5f6e6f726d616c697a655b695d5b315d2c203229290a20202020202020206e6f726d616c697a65645f646174615b695d5b305d203d20646174615f746f5f6e6f726d616c697a655b695d5b305d202f206e6f726d0a20202020202020206e6f726d616c697a65645f646174615b695d5b315d203d20646174615f746f5f6e6f726d616c697a655b695d5b315d202f206e6f726d0a0a2020202072657475726e206e6f726d616c697a65645f646174610a0a0a6465662063616c63756c6174655f616e676c65732863617274657369616e5f706f696e74732c20626173655f766563746f72293a0a20202020616e676c6573203d206e702e7a65726f732863617274657369616e5f706f696e74732e73686170655b305d290a20202020666f72206920696e2072616e676528302c20616e676c65732e73686170655b305d293a0a2020202020202020616e676c65735b695d203d2061636f7328626173655f766563746f725b305d202a2063617274657369616e5f706f696e74735b695d5b305d202b20626173655f766563746f725b315d202a2063617274657369616e5f706f696e74735b695d5b315d290a0a2020202072657475726e20616e676c65730a0a0a6465662067656e65726174655f6e656761746976655f726f746174696f6e5f636c7573746572696e67286d61785f7175626974732c20646174615f616e676c65732c2063656e74726f69645f616e676c6573293a0a20202020232073746f72652061206c697374206f66207175616e74756d2063697263756974730a202020206369726375697473203d205b5d0a0a2020202023207468697320697320616c736f2074686520616d6f756e74206f6620717562697473207468617420617265206e656564656420696e20746f74616c0a20202020676c6f62616c5f776f726b5f616d6f756e74203d2063656e74726f69645f616e676c65732e73686170655b305d202a20646174615f616e676c65732e73686170655b305d0a0a202020202320637265617465207475706c6573206f6620706172616d657465727320636f72726573706f6e64696e6720666f7220656163682071756269742c0a202020202320692e652e20637265617465205b5b74312c63315d2c205b74312c63325d2c202e2e2e2c205b74312c636e5d2c205b74322c63315d2c202e2e2e2c205b746d2c636e5d5d0a2020202023206e6f772077697468207469203d20646174615f616e676c655f6920616e6420636a203d2063656e74726f69645f616e676c655f6a0a20202020706172616d6574657273203d205b5d0a20202020666f72206920696e2072616e676528302c20646174615f616e676c65732e73686170655b305d293a0a2020202020202020666f72206a20696e2072616e676528302c2063656e74726f69645f616e676c65732e73686170655b305d293a0a202020202020202020202020706172616d65746572732e617070656e642828646174615f616e676c65735b695d2c2063656e74726f69645f616e676c65735b6a5d29290a0a202020202320746869732069732074686520696e64657820746f2069746572617465206f76657220616c6c20706172616d6574657220706169727320696e207468652071756575652028706172616d6574657273206c697374290a20202020696e646578203d20300a2020202071756575655f6e6f745f656d707479203d20547275650a0a2020202023206372656174652074686520636972637569742873290a202020207768696c652071756575655f6e6f745f656d7074793a0a20202020202020206d61785f7175626974735f666f725f63697263756974203d20676c6f62616c5f776f726b5f616d6f756e74202d20696e6465780a0a20202020202020206966206d61785f71756269747320266c743b206d61785f7175626974735f666f725f636972637569743a0a2020202020202020202020207175626974735f666f725f63697263756974203d206d61785f7175626974730a2020202020202020656c73653a0a2020202020202020202020207175626974735f666f725f63697263756974203d206d61785f7175626974735f666f725f636972637569740a0a20202020202020207163203d205175616e74756d43697263756974287175626974735f666f725f636972637569742c207175626974735f666f725f63697263756974290a0a2020202020202020666f72206920696e2072616e676528302c207175626974735f666f725f63697263756974293a0a2020202020202020202020202320746573745f616e676c6520726f746174696f6e0a20202020202020202020202071632e727928706172616d65746572735b696e6465785d5b305d2c2069290a0a20202020202020202020202023206e656761746976652063656e74726f69645f616e676c6520726f746174696f6e0a20202020202020202020202071632e7279282d706172616d65746572735b696e6465785d5b315d2c2069290a0a20202020202020202020202023206d6561737572650a20202020202020202020202071632e6d65617375726528692c2069290a0a202020202020202020202020696e646578202b3d20310a202020202020202020202020696620696e646578203d3d20676c6f62616c5f776f726b5f616d6f756e743a0a2020202020202020202020202020202071756575655f6e6f745f656d707479203d2046616c73650a20202020202020202020202020202020627265616b0a0a202020202020202063697263756974732e617070656e64287163290a0a2020202072657475726e2063697263756974730a0a64656620646f776e6c6f61645f646174612875726c293a0a20202020726573706f6e7365203d2075726c6f70656e2875726c290a2020202064617461203d20726573706f6e73652e7265616428292e6465636f646528277574662d3827290a2020202072657475726e207374722864617461290a0a646566204369726375697447656e65726174696f6e5461736b5f6578656375746528696e7075745f75726c293a0a202020207072696e742827496e697469616c697a696e67204b2d4d65616e73207769746820696e7075742055524c3a2027202b2073747228696e7075745f75726c29290a0a20202020232067656e657261746520696e697469616c2072616e646f6d2063656e74726f6964732028776520617373756d652074776f20636c757374657273290a2020202063656e74726f696473203d2067656e65726174655f72616e646f6d5f63656e74726f6964732832290a0a202020202320646f776e6c6f616420696e707574206461746120616e642073746f726520617320737472696e670a2020202064617461203d20646f776e6c6f61645f6461746128696e7075745f75726c290a0a20202020232063616c63756c61746520616e676c6573206f662062617365206461746120706f696e747320616e642063656e74726f6964730a202020207072696e74282743616c63756c6174696e6720616e676c65732e2e2e27290a20202020626173655f766563746f72203d206e702e6172726179285b302e373037312c20302e373037315d290a20202020646174615f6172726179203d20746578745f746f5f61727261792864617461290a202020206e6f726d616c697a65645f64617461203d206e6f726d616c697a65287374616e64617264697a6528646174615f617272617929290a202020206e6f726d616c697a65645f63656e74726f696473203d206e6f726d616c697a65287374616e64617264697a652863656e74726f69647329290a20202020646174615f616e676c6573203d2063616c63756c6174655f616e676c6573286e6f726d616c697a65645f646174612c20626173655f766563746f72290a2020202063656e74726f69645f616e676c6573203d2063616c63756c6174655f616e676c6573286e6f726d616c697a65645f63656e74726f6964732c20626173655f766563746f72290a0a20202020232067656e657261746520746865207175616e74756d20636972637569747320666f7220612051505520776974682035207175626974730a202020207072696e74282747656e65726174696e672063697263756974732e2e2e27290a202020206369726375697473203d2067656e65726174655f6e656761746976655f726f746174696f6e5f636c7573746572696e6728352c20646174615f616e676c65732c2063656e74726f69645f616e676c6573290a2020202063697263756974735f737472696e67203d2027232323232323232323235c6e272e6a6f696e285b636972637569742e7161736d282920666f72206369726375697420696e2063697263756974735d290a0a2020202072657475726e20302c207374722863656e74726f696473292c207374722864617461292c207374722863697263756974735f737472696e67293c2f62706d6e323a7363726970743e0a202020203c2f62706d6e323a7363726970745461736b3e0a202020203c62706d6e323a73657175656e6365466c6f772069643d22466c6f775f306a34397965322220736f757263655265663d2241637469766974795f3077776c74743122207461726765745265663d224576656e745f31356962706f6422202f3e0a202020203c62706d6e323a656e644576656e742069643d224576656e745f31356962706f64223e0a2020202020203c62706d6e323a696e636f6d696e673e466c6f775f306a34397965323c2f62706d6e323a696e636f6d696e673e0a202020203c2f62706d6e323a656e644576656e743e0a20203c2f62706d6e323a70726f636573733e0a20203c62706d6e64693a42504d4e4469616772616d2069643d2242504d4e4469616772616d5f31223e0a202020203c62706d6e64693a42504d4e506c616e652069643d2242504d4e506c616e655f31222062706d6e456c656d656e743d2250223e0a2020202020203c62706d6e64693a42504d4e53686170652069643d2242504d4e53686170655f53746172744576656e745f31222062706d6e456c656d656e743d2253746172744576656e745f31223e0a20202020202020203c64633a426f756e647320783d223332322220793d22323430222077696474683d22333622206865696768743d22333622202f3e0a2020202020203c2f62706d6e64693a42504d4e53686170653e0a2020202020203c62706d6e64693a42504d4e53686170652069643d2241637469766974795f31386e753175775f6469222062706d6e456c656d656e743d2241637469766974795f3077776c747431223e0a20202020202020203c64633a426f756e647320783d223436302220793d22323138222077696474683d2231303022206865696768743d22383022202f3e0a20202020202020203c62706d6e64693a42504d4e4c6162656c202f3e0a2020202020203c2f62706d6e64693a42504d4e53686170653e0a2020202020203c62706d6e64693a42504d4e53686170652069643d224576656e745f31356962706f645f6469222062706d6e456c656d656e743d224576656e745f31356962706f64223e0a20202020202020203c64633a426f756e647320783d223635322220793d22323430222077696474683d22333622206865696768743d22333622202f3e0a2020202020203c2f62706d6e64693a42504d4e53686170653e0a2020202020203c62706d6e64693a42504d4e456467652069643d22466c6f775f307331306461795f6469222062706d6e456c656d656e743d22466c6f775f30733130646179223e0a20202020202020203c64693a776179706f696e7420783d223335382220793d2232353822202f3e0a20202020202020203c64693a776179706f696e7420783d223436302220793d2232353822202f3e0a2020202020203c2f62706d6e64693a42504d4e456467653e0a2020202020203c62706d6e64693a42504d4e456467652069643d22466c6f775f306a34397965325f6469222062706d6e456c656d656e743d22466c6f775f306a3439796532223e0a20202020202020203c64693a776179706f696e7420783d223536302220793d2232353822202f3e0a20202020202020203c64693a776179706f696e7420783d223635322220793d2232353822202f3e0a2020202020203c2f62706d6e64693a42504d4e456467653e0a202020203c2f62706d6e64693a42504d4e506c616e653e0a20203c2f62706d6e64693a42504d4e4469616772616d3e0a3c2f62706d6e323a646566696e6974696f6e733e0a', '8bca8adb-8b27-4533-8d49-7b9b37ecbc27');


--
-- TOC entry 3366 (class 0 OID 35118)
-- Dependencies: 249
-- Data for Name: sketch; Type: TABLE DATA; Schema: public; Owner: planqk
--



--
-- TOC entry 3343 (class 0 OID 35031)
-- Dependencies: 226
-- Data for Name: image; Type: TABLE DATA; Schema: public; Owner: planqk
--



--
-- TOC entry 3345 (class 0 OID 35043)
-- Dependencies: 228
-- Data for Name: implementation_package; Type: TABLE DATA; Schema: public; Owner: planqk
--

INSERT INTO public.implementation_package (dtype, id, description, name, package_type, implementation_id) VALUES ('FileImplementationPackage', '74e800a9-60c9-4561-a273-db80e513779b', 'QAOA BPMN workflow', 'QAOA_workflow_implementation_package', 0, '03223c33-7cd2-4496-84c9-c654da405b19');
INSERT INTO public.implementation_package (dtype, id, description, name, package_type, implementation_id) VALUES ('FileImplementationPackage', '2ea2af37-c7d6-4880-ba6b-c610ba44de13', 'QSVM BPMN workflow', 'QSVM_workflow_implementation_package', 0, '14ad80b5-0498-482d-b3b5-d053e349b130');
INSERT INTO public.implementation_package (dtype, id, description, name, package_type, implementation_id) VALUES ('FileImplementationPackage', 'f24603e0-849d-46f8-9e57-1fbaeaea91d5', 'K-Means BPMN workflow', 'KMeans_workflow_implementation_package', 0, '61a59337-853b-4fff-83a8-367946e3c365');


--
-- TOC entry 3346 (class 0 OID 35049)
-- Dependencies: 229
-- Data for Name: implementation_package_file; Type: TABLE DATA; Schema: public; Owner: planqk
--

INSERT INTO public.implementation_package_file (file_id, implementation_package_id) VALUES ('03408d61-c4ec-4261-932a-dcb90e37fef8', '74e800a9-60c9-4561-a273-db80e513779b');
INSERT INTO public.implementation_package_file (file_id, implementation_package_id) VALUES ('c41fe57e-3a0d-422d-a6c4-6dcec298964a', '2ea2af37-c7d6-4880-ba6b-c610ba44de13');
INSERT INTO public.implementation_package_file (file_id, implementation_package_id) VALUES ('8bca8adb-8b27-4533-8d49-7b9b37ecbc27', 'f24603e0-849d-46f8-9e57-1fbaeaea91d5');


--
-- TOC entry 3347 (class 0 OID 35052)
-- Dependencies: 230
-- Data for Name: implementation_publication; Type: TABLE DATA; Schema: public; Owner: planqk
--

INSERT INTO public.implementation_publication (implementation_id, publication_id) VALUES ('e07898e3-280f-4701-9d54-7d051af8d448', 'f05c9136-2f9f-433f-9c35-85009111ee3c');
INSERT INTO public.implementation_publication (implementation_id, publication_id) VALUES ('170eff66-733f-4043-a56b-3189bf474d62', 'f05c9136-2f9f-433f-9c35-85009111ee3c');


--
-- TOC entry 3367 (class 0 OID 35124)
-- Dependencies: 250
-- Data for Name: software_platform; Type: TABLE DATA; Schema: public; Owner: planqk
--

INSERT INTO public.software_platform (id, licence, link, name, version) VALUES ('7c2c4b2e-5b4e-421c-a487-54fd897bfe41', 'Apache-2.0 License', 'https://pyquil-docs.rigetti.com/en/stable/', 'Forest', NULL);
INSERT INTO public.software_platform (id, licence, link, name, version) VALUES ('41299c3c-297a-4d61-be24-cc957186306e', 'Apache-2.0 License', 'https://github.com/Qiskit/qiskit', 'Qiskit', '0.21.0');


--
-- TOC entry 3349 (class 0 OID 35061)
-- Dependencies: 232
-- Data for Name: implementation_software_platforms; Type: TABLE DATA; Schema: public; Owner: planqk
--

INSERT INTO public.implementation_software_platforms (implementation_id, software_platform_id) VALUES ('b3b616b6-6e4a-49b1-baf7-f08fa962a441', '7c2c4b2e-5b4e-421c-a487-54fd897bfe41');
INSERT INTO public.implementation_software_platforms (implementation_id, software_platform_id) VALUES ('e07898e3-280f-4701-9d54-7d051af8d448', '7c2c4b2e-5b4e-421c-a487-54fd897bfe41');
INSERT INTO public.implementation_software_platforms (implementation_id, software_platform_id) VALUES ('170eff66-733f-4043-a56b-3189bf474d62', '41299c3c-297a-4d61-be24-cc957186306e');
INSERT INTO public.implementation_software_platforms (implementation_id, software_platform_id) VALUES ('1066e01c-e3ac-4830-b610-eb613187850c', '41299c3c-297a-4d61-be24-cc957186306e');
INSERT INTO public.implementation_software_platforms (implementation_id, software_platform_id) VALUES ('8179d686-afa1-4f03-8ec9-95899002488a', '41299c3c-297a-4d61-be24-cc957186306e');
INSERT INTO public.implementation_software_platforms (implementation_id, software_platform_id) VALUES ('7de45de7-aca2-4966-a5f9-8ef018688722', '41299c3c-297a-4d61-be24-cc957186306e');
INSERT INTO public.implementation_software_platforms (implementation_id, software_platform_id) VALUES ('10bc87a9-9317-41c8-8d19-fc6594d23383', '41299c3c-297a-4d61-be24-cc957186306e');
INSERT INTO public.implementation_software_platforms (implementation_id, software_platform_id) VALUES ('e7a33256-0ab4-4baa-a805-0296b97960d6', '41299c3c-297a-4d61-be24-cc957186306e');
INSERT INTO public.implementation_software_platforms (implementation_id, software_platform_id) VALUES ('c293bbf4-b8cf-4393-a403-a359a77b868c', '41299c3c-297a-4d61-be24-cc957186306e');
INSERT INTO public.implementation_software_platforms (implementation_id, software_platform_id) VALUES ('816a96fc-696d-419f-8bd4-98752cc72aac', '41299c3c-297a-4d61-be24-cc957186306e');
INSERT INTO public.implementation_software_platforms (implementation_id, software_platform_id) VALUES ('649859eb-7709-4beb-9738-d57f11d80455', '41299c3c-297a-4d61-be24-cc957186306e');


--
-- TOC entry 3350 (class 0 OID 35064)
-- Dependencies: 233
-- Data for Name: implementation_tag; Type: TABLE DATA; Schema: public; Owner: planqk
--

INSERT INTO public.implementation_tag (implementation_id, tag_value) VALUES ('b3b616b6-6e4a-49b1-baf7-f08fa962a441', 'Phase Estimation');
INSERT INTO public.implementation_tag (implementation_id, tag_value) VALUES ('e07898e3-280f-4701-9d54-7d051af8d448', 'Factorization');
INSERT INTO public.implementation_tag (implementation_id, tag_value) VALUES ('170eff66-733f-4043-a56b-3189bf474d62', 'Factorization');
INSERT INTO public.implementation_tag (implementation_id, tag_value) VALUES ('1066e01c-e3ac-4830-b610-eb613187850c', 'Phase Estimation');


--
-- TOC entry 3355 (class 0 OID 35082)
-- Dependencies: 238
-- Data for Name: pattern_relation_type; Type: TABLE DATA; Schema: public; Owner: planqk
--

INSERT INTO public.pattern_relation_type (id, name) VALUES ('64175e17-7e19-4f56-b7e4-cb9cfbff23e1', 'implements');


--
-- TOC entry 3354 (class 0 OID 35076)
-- Dependencies: 237
-- Data for Name: pattern_relation; Type: TABLE DATA; Schema: public; Owner: planqk
--

INSERT INTO public.pattern_relation (id, description, pattern, algorithm_id, pattern_relation_type_id) VALUES ('1d3cf27e-df41-473e-811b-35c9180918ba', 'implements QSVM pattern', '\xaced00057372000c6a6176612e6e65742e555249ac01782e439e49ab0300014c0006737472696e677400124c6a6176612f6c616e672f537472696e673b787074006f68747470733a2f2f7061747465726e70656469612e6f72672f7061747465726e4c616e6775616765732f7265666f726d756c617465645175616e74756d436f6d707574696e675061747465726e732f7175616e74756d537570706f7274566563746f724d616368696e655f7173766d78', '16aa96c5-b668-4df9-a03f-96d323708676', '64175e17-7e19-4f56-b7e4-cb9cfbff23e1');
INSERT INTO public.pattern_relation (id, description, pattern, algorithm_id, pattern_relation_type_id) VALUES ('c92e10f8-8759-4686-8745-4333bdac1f00', 'implements the K-Means pattern', '\xaced00057372000c6a6176612e6e65742e555249ac01782e439e49ab0300014c0006737472696e677400124c6a6176612f6c616e672f537472696e673b787074005568747470733a2f2f7061747465726e70656469612e6f72672f7061747465726e4c616e6775616765732f7265666f726d756c617465645175616e74756d436f6d707574696e675061747465726e732f6b6d65616e7378', 'a51667c1-e70c-45e4-b427-127e2e2d2208', '64175e17-7e19-4f56-b7e4-cb9cfbff23e1');


--
-- TOC entry 3356 (class 0 OID 35085)
-- Dependencies: 239
-- Data for Name: pattern_uris; Type: TABLE DATA; Schema: public; Owner: planqk
--

INSERT INTO public.pattern_uris (implementation_id, pattern_uri) VALUES ('03223c33-7cd2-4496-84c9-c654da405b19', 'pattern-languages/af7780d5-1f97-4536-8da7-4194b093ab1d/da93f915-7f4c-49df-99d0-80d91f26a337');
INSERT INTO public.pattern_uris (implementation_id, pattern_uri) VALUES ('14ad80b5-0498-482d-b3b5-d053e349b130', 'pattern-languages/af7780d5-1f97-4536-8da7-4194b093ab1d/cc3731cf-ecbb-490f-b996-525c8f60d8a9');
INSERT INTO public.pattern_uris (implementation_id, pattern_uri) VALUES ('61a59337-853b-4fff-83a8-367946e3c365', 'pattern-languages/af7780d5-1f97-4536-8da7-4194b093ab1d/7294c3f2-cb67-492a-8a16-c7384eb9bac2');


--
-- TOC entry 3357 (class 0 OID 35088)
-- Dependencies: 240
-- Data for Name: pattern_uris_aud; Type: TABLE DATA; Schema: public; Owner: planqk
--

INSERT INTO public.pattern_uris_aud (rev, implementation_id, pattern_uri, revtype) VALUES (10, '03223c33-7cd2-4496-84c9-c654da405b19', 'pattern-languages/af7780d5-1f97-4536-8da7-4194b093ab1d/da93f915-7f4c-49df-99d0-80d91f26a337', 0);
INSERT INTO public.pattern_uris_aud (rev, implementation_id, pattern_uri, revtype) VALUES (14, '14ad80b5-0498-482d-b3b5-d053e349b130', 'pattern-languages/af7780d5-1f97-4536-8da7-4194b093ab1d/cc3731cf-ecbb-490f-b996-525c8f60d8a9', 0);
INSERT INTO public.pattern_uris_aud (rev, implementation_id, pattern_uri, revtype) VALUES (15, '61a59337-853b-4fff-83a8-367946e3c365', 'pattern-languages/af7780d5-1f97-4536-8da7-4194b093ab1d/7294c3f2-cb67-492a-8a16-c7384eb9bac2', 0);


--
-- TOC entry 3360 (class 0 OID 35100)
-- Dependencies: 243
-- Data for Name: publication_authors; Type: TABLE DATA; Schema: public; Owner: planqk
--

INSERT INTO public.publication_authors (publication_id, authors) VALUES ('f05c9136-2f9f-433f-9c35-85009111ee3c', 'Peter W. Shor');
INSERT INTO public.publication_authors (publication_id, authors) VALUES ('87d697a4-6256-4f84-b545-c2024ab380c2', 'Daoyl Dong');
INSERT INTO public.publication_authors (publication_id, authors) VALUES ('87d697a4-6256-4f84-b545-c2024ab380c2', 'Chunlin Chen');
INSERT INTO public.publication_authors (publication_id, authors) VALUES ('87d697a4-6256-4f84-b545-c2024ab380c2', 'Hanxiong Li');
INSERT INTO public.publication_authors (publication_id, authors) VALUES ('87d697a4-6256-4f84-b545-c2024ab380c2', 'Tzyh-Jong Tarn');
INSERT INTO public.publication_authors (publication_id, authors) VALUES ('3aac6a37-10de-4a95-a2bd-381d357df2a4', 'Vojtech Havlicek');
INSERT INTO public.publication_authors (publication_id, authors) VALUES ('3aac6a37-10de-4a95-a2bd-381d357df2a4', 'Antionio D. Córcoles');
INSERT INTO public.publication_authors (publication_id, authors) VALUES ('3aac6a37-10de-4a95-a2bd-381d357df2a4', 'Kristian Temme');
INSERT INTO public.publication_authors (publication_id, authors) VALUES ('3aac6a37-10de-4a95-a2bd-381d357df2a4', 'Aram W. Harrow');
INSERT INTO public.publication_authors (publication_id, authors) VALUES ('3aac6a37-10de-4a95-a2bd-381d357df2a4', 'Abhinav Kandala');
INSERT INTO public.publication_authors (publication_id, authors) VALUES ('3aac6a37-10de-4a95-a2bd-381d357df2a4', 'Jerry M. Chow');
INSERT INTO public.publication_authors (publication_id, authors) VALUES ('3aac6a37-10de-4a95-a2bd-381d357df2a4', 'Jay M. Gambetta');
INSERT INTO public.publication_authors (publication_id, authors) VALUES ('ae6bdf6f-2656-45bd-9b96-0820eea3cdab', 'Dennis Willsch');
INSERT INTO public.publication_authors (publication_id, authors) VALUES ('ae6bdf6f-2656-45bd-9b96-0820eea3cdab', 'Madita Willsch');
INSERT INTO public.publication_authors (publication_id, authors) VALUES ('ae6bdf6f-2656-45bd-9b96-0820eea3cdab', 'Hans De Raedt');
INSERT INTO public.publication_authors (publication_id, authors) VALUES ('ae6bdf6f-2656-45bd-9b96-0820eea3cdab', 'Kristel Michielsen');


--
-- TOC entry 3361 (class 0 OID 35103)
-- Dependencies: 244
-- Data for Name: quantum_algorithm; Type: TABLE DATA; Schema: public; Owner: planqk
--

INSERT INTO public.quantum_algorithm (nisq_ready, quantum_computation_model, speed_up, id) VALUES (true, NULL, NULL, '379ec44e-1ce5-11eb-adf2-0242ac160002');
INSERT INTO public.quantum_algorithm (nisq_ready, quantum_computation_model, speed_up, id) VALUES (false, 0, NULL, 'b61578ed-df66-44ec-954c-9bcf9906f490');
INSERT INTO public.quantum_algorithm (nisq_ready, quantum_computation_model, speed_up, id) VALUES (false, 0, NULL, '4ab28e22-cdf9-45f8-b872-f4d9d2757b6d');
INSERT INTO public.quantum_algorithm (nisq_ready, quantum_computation_model, speed_up, id) VALUES (false, 0, NULL, '16aa96c5-b668-4df9-a03f-96d323708676');
INSERT INTO public.quantum_algorithm (nisq_ready, quantum_computation_model, speed_up, id) VALUES (false, 2, NULL, '9aa16271-6ea1-4e15-ad9d-6e6e264a0ad0');
INSERT INTO public.quantum_algorithm (nisq_ready, quantum_computation_model, speed_up, id) VALUES (false, 0, 'exponential', 'b5df6c13-e619-496c-ada0-80fc3486f733');
INSERT INTO public.quantum_algorithm (nisq_ready, quantum_computation_model, speed_up, id) VALUES (false, 0, NULL, '3c7722e2-09c3-4667-9a0d-a45d3ddc42ae');
INSERT INTO public.quantum_algorithm (nisq_ready, quantum_computation_model, speed_up, id) VALUES (false, 0, NULL, '0e5af2cf-f3c8-48dd-9743-cfdea65f320f');
INSERT INTO public.quantum_algorithm (nisq_ready, quantum_computation_model, speed_up, id) VALUES (false, 0, NULL, '871f7eea-4722-4728-8cd9-1e61fe2dd285');
INSERT INTO public.quantum_algorithm (nisq_ready, quantum_computation_model, speed_up, id) VALUES (false, 0, NULL, '0f6587f3-6b6b-4dd4-98aa-b464913b8c14');
INSERT INTO public.quantum_algorithm (nisq_ready, quantum_computation_model, speed_up, id) VALUES (false, 0, NULL, 'a51667c1-e70c-45e4-b427-127e2e2d2208');


--
-- TOC entry 3362 (class 0 OID 35106)
-- Dependencies: 245
-- Data for Name: quantum_algorithm_revisions; Type: TABLE DATA; Schema: public; Owner: planqk
--

INSERT INTO public.quantum_algorithm_revisions (id, rev, nisq_ready, quantum_computation_model, speed_up) VALUES ('0f6587f3-6b6b-4dd4-98aa-b464913b8c14', 2, false, 0, NULL);
INSERT INTO public.quantum_algorithm_revisions (id, rev, nisq_ready, quantum_computation_model, speed_up) VALUES ('0f6587f3-6b6b-4dd4-98aa-b464913b8c14', 3, false, 0, NULL);
INSERT INTO public.quantum_algorithm_revisions (id, rev, nisq_ready, quantum_computation_model, speed_up) VALUES ('a51667c1-e70c-45e4-b427-127e2e2d2208', 12, false, 0, NULL);


--
-- TOC entry 3363 (class 0 OID 35109)
-- Dependencies: 246
-- Data for Name: quantum_implementation; Type: TABLE DATA; Schema: public; Owner: planqk
--



--
-- TOC entry 3364 (class 0 OID 35112)
-- Dependencies: 247
-- Data for Name: quantum_implementation_revisions; Type: TABLE DATA; Schema: public; Owner: planqk
--



--
-- TOC entry 3368 (class 0 OID 35130)
-- Dependencies: 251
-- Data for Name: software_platform_cloud_services; Type: TABLE DATA; Schema: public; Owner: planqk
--



--
-- TOC entry 3369 (class 0 OID 35133)
-- Dependencies: 252
-- Data for Name: software_platforms_compute_resources; Type: TABLE DATA; Schema: public; Owner: planqk
--



--
-- TOC entry 3370 (class 0 OID 35136)
-- Dependencies: 253
-- Data for Name: solution; Type: TABLE DATA; Schema: public; Owner: planqk
--

INSERT INTO public.solution (pattern_id, solution_type, id) VALUES ('d3f6b18a-c8c1-4010-b750-b71d95eb5f5e', 'QRM', '9b3abee3-b4dd-4924-aa65-c14bd51fcc29');
INSERT INTO public.solution (pattern_id, solution_type, id) VALUES ('ed3af509-904e-4732-8113-215d65a7d53d', 'QRM', 'be5d3003-7610-4059-8ec3-fe55c7c5a691');
INSERT INTO public.solution (pattern_id, solution_type, id) VALUES ('3d9bca6e-5fca-40c5-b005-8a794958f3aa', 'QRM', '5e60ce85-c35d-4dda-8cb9-b2eebae0cf64');


--
-- TOC entry 3371 (class 0 OID 35139)
-- Dependencies: 254
-- Data for Name: solution_file; Type: TABLE DATA; Schema: public; Owner: planqk
--

INSERT INTO public.solution_file (file_id, solution_id) VALUES ('4dc9b29d-9e71-4d6a-9dc5-9af8e8ff2746', 'be5d3003-7610-4059-8ec3-fe55c7c5a691');
INSERT INTO public.solution_file (file_id, solution_id) VALUES ('aec24380-8ee8-4fee-9dd4-ab28cfbfca0b', '9b3abee3-b4dd-4924-aa65-c14bd51fcc29');
INSERT INTO public.solution_file (file_id, solution_id) VALUES ('dacf328e-ce3b-4acc-b7a5-3ec07cd010ab', '5e60ce85-c35d-4dda-8cb9-b2eebae0cf64');


--
-- TOC entry 3373 (class 0 OID 35148)
-- Dependencies: 256
-- Data for Name: tosca_application; Type: TABLE DATA; Schema: public; Owner: planqk
--



--
-- TOC entry 3374 (class 0 OID 35154)
-- Dependencies: 257
-- Data for Name: tosca_application_revisions; Type: TABLE DATA; Schema: public; Owner: planqk
--



--
-- TOC entry 3380 (class 0 OID 0)
-- Dependencies: 225
-- Name: hibernate_sequence; Type: SEQUENCE SET; Schema: public; Owner: planqk
--

SELECT pg_catalog.setval('public.hibernate_sequence', 15, true);


-- Completed on 2024-07-23 16:50:04 CEST

--
-- PostgreSQL database dump complete
--

