--
-- PostgreSQL database dump
--

-- Dumped from database version 12.5 (Debian 12.5-1.pgdg100+1)
-- Dumped by pg_dump version 16.2

-- Started on 2024-05-23 12:21:54

SET statement_timeout = 0;
SET lock_timeout = 0;
SET idle_in_transaction_session_timeout = 0;
SET client_encoding = 'UTF8';
SET standard_conforming_strings = on;
SELECT pg_catalog.set_config('search_path', '', false);
SET check_function_bodies = false;
SET xmloption = content;
SET client_min_messages = warning;
SET row_security = off;

--
-- TOC entry 3351 (class 0 OID 16524)
-- Dependencies: 234
-- Data for Name: knowledge_artifact; Type: TABLE DATA; Schema: public; Owner: planqk
--

INSERT INTO public.knowledge_artifact (id, creation_date, last_modified_at) VALUES ('379ec44e-1ce5-11eb-adf2-0242ac160002', '2020-11-02 08:27:17.116336', '2020-11-02 08:27:17.116336');
INSERT INTO public.knowledge_artifact (id, creation_date, last_modified_at) VALUES ('b61578ed-df66-44ec-954c-9bcf9906f490', NULL, NULL);
INSERT INTO public.knowledge_artifact (id, creation_date, last_modified_at) VALUES ('4ab28e22-cdf9-45f8-b872-f4d9d2757b6d', NULL, NULL);
INSERT INTO public.knowledge_artifact (id, creation_date, last_modified_at) VALUES ('16aa96c5-b668-4df9-a03f-96d323708676', NULL, NULL);
INSERT INTO public.knowledge_artifact (id, creation_date, last_modified_at) VALUES ('9aa16271-6ea1-4e15-ad9d-6e6e264a0ad0', NULL, NULL);
INSERT INTO public.knowledge_artifact (id, creation_date, last_modified_at) VALUES ('b5df6c13-e619-496c-ada0-80fc3486f733', NULL, NULL);
INSERT INTO public.knowledge_artifact (id, creation_date, last_modified_at) VALUES ('b3b616b6-6e4a-49b1-baf7-f08fa962a441', NULL, NULL);
INSERT INTO public.knowledge_artifact (id, creation_date, last_modified_at) VALUES ('e07898e3-280f-4701-9d54-7d051af8d448', NULL, NULL);
INSERT INTO public.knowledge_artifact (id, creation_date, last_modified_at) VALUES ('170eff66-733f-4043-a56b-3189bf474d62', NULL, NULL);
INSERT INTO public.knowledge_artifact (id, creation_date, last_modified_at) VALUES ('1066e01c-e3ac-4830-b610-eb613187850c', NULL, NULL);
INSERT INTO public.knowledge_artifact (id, creation_date, last_modified_at) VALUES ('f05c9136-2f9f-433f-9c35-85009111ee3c', NULL, NULL);
INSERT INTO public.knowledge_artifact (id, creation_date, last_modified_at) VALUES ('87d697a4-6256-4f84-b545-c2024ab380c2', NULL, NULL);
INSERT INTO public.knowledge_artifact (id, creation_date, last_modified_at) VALUES ('3aac6a37-10de-4a95-a2bd-381d357df2a4', NULL, NULL);
INSERT INTO public.knowledge_artifact (id, creation_date, last_modified_at) VALUES ('ae6bdf6f-2656-45bd-9b96-0820eea3cdab', NULL, NULL);
INSERT INTO public.knowledge_artifact (id, creation_date, last_modified_at) VALUES ('3c7722e2-09c3-4667-9a0d-a45d3ddc42ae', NULL, NULL);
INSERT INTO public.knowledge_artifact (id, creation_date, last_modified_at) VALUES ('8179d686-afa1-4f03-8ec9-95899002488a', NULL, NULL);
INSERT INTO public.knowledge_artifact (id, creation_date, last_modified_at) VALUES ('7de45de7-aca2-4966-a5f9-8ef018688722', NULL, NULL);
INSERT INTO public.knowledge_artifact (id, creation_date, last_modified_at) VALUES ('0e5af2cf-f3c8-48dd-9743-cfdea65f320f', NULL, NULL);
INSERT INTO public.knowledge_artifact (id, creation_date, last_modified_at) VALUES ('10bc87a9-9317-41c8-8d19-fc6594d23383', NULL, NULL);
INSERT INTO public.knowledge_artifact (id, creation_date, last_modified_at) VALUES ('e7a33256-0ab4-4baa-a805-0296b97960d6', NULL, NULL);
INSERT INTO public.knowledge_artifact (id, creation_date, last_modified_at) VALUES ('c293bbf4-b8cf-4393-a403-a359a77b868c', NULL, NULL);
INSERT INTO public.knowledge_artifact (id, creation_date, last_modified_at) VALUES ('816a96fc-696d-419f-8bd4-98752cc72aac', NULL, NULL);
INSERT INTO public.knowledge_artifact (id, creation_date, last_modified_at) VALUES ('871f7eea-4722-4728-8cd9-1e61fe2dd285', NULL, NULL);
INSERT INTO public.knowledge_artifact (id, creation_date, last_modified_at) VALUES ('649859eb-7709-4beb-9738-d57f11d80455', NULL, NULL);
INSERT INTO public.knowledge_artifact (id, creation_date, last_modified_at) VALUES ('0f6587f3-6b6b-4dd4-98aa-b464913b8c14', NULL, NULL);
INSERT INTO public.knowledge_artifact (id, creation_date, last_modified_at) VALUES ('03223c33-7cd2-4496-84c9-c654da405b19', NULL, NULL);
INSERT INTO public.knowledge_artifact (id, creation_date, last_modified_at) VALUES ('14c120d2-f16e-42d0-a280-3d8857c8e7be', NULL, NULL);
INSERT INTO public.knowledge_artifact (id, creation_date, last_modified_at) VALUES ('9b3abee3-b4dd-4924-aa65-c14bd51fcc29', NULL, NULL);
INSERT INTO public.knowledge_artifact (id, creation_date, last_modified_at) VALUES ('be5d3003-7610-4059-8ec3-fe55c7c5a691', NULL, NULL);
INSERT INTO public.knowledge_artifact (id, creation_date, last_modified_at) VALUES ('5e60ce85-c35d-4dda-8cb9-b2eebae0cf64', NULL, NULL);
INSERT INTO public.knowledge_artifact (id, creation_date, last_modified_at) VALUES ('4dc9b29d-9e71-4d6a-9dc5-9af8e8ff2746', NULL, NULL);
INSERT INTO public.knowledge_artifact (id, creation_date, last_modified_at) VALUES ('aec24380-8ee8-4fee-9dd4-ab28cfbfca0b', NULL, NULL);
INSERT INTO public.knowledge_artifact (id, creation_date, last_modified_at) VALUES ('a8825f0c-f7e8-4238-8d21-ae1513285551', NULL, NULL);
INSERT INTO public.knowledge_artifact (id, creation_date, last_modified_at) VALUES ('dacf328e-ce3b-4acc-b7a5-3ec07cd010ab', NULL, NULL);


--
-- TOC entry 3319 (class 0 OID 16390)
-- Dependencies: 202
-- Data for Name: algorithm; Type: TABLE DATA; Schema: public; Owner: planqk
--

INSERT INTO public.algorithm (acronym, algo_parameter, assumptions, computation_model, input_format, intent, name, output_format, problem, solution, id) VALUES ('VQE', '* Anz. Qubits/Breite ($w$) des Schaltkreises: $w=n$
 * Tiefe ($d$) des Schaltkreises: abhängig von der gewählten Verschränkungsmethode, exemplarisch für die besprochene:

\$\$
d_{ent} = (2n+1)m~,~d_{rot} = m+1
\Rightarrow d = d_{ent} + d_{rot} = 2m(n+1)
\$\$', NULL, 1, '* quadratische $n\times n$ Matrix A (als Ausgangspunkt)
* Gewünschte Anzahl von Verschränkungen $m$
* $n(m+1)$ Drehwinkel
* Anzahl klassischer Optimierungsschritte $k$', '>Der VQE Algorithmus [[1]](https://arxiv.org/abs/1304.3061)[[2]](https://arxiv.org/abs/1304.3061) ist ein heuristischer hybrider Quanten-Algorithmus, mit welchem der kleinste (oder größte) Eigenwert inklusive Eigenvektor einer (meist) großen Matrix sehr gut angenähert werden kann. Hierbei wird ein quantenmechanischer Zustand auf einem NISQ-Rechner auf Basis von vorgegebenen Parametern präpariert und in der computational basis ($|0\rangle$ und  $|1\rangle$) gemessen. Das Ergebnis kann durch eine Kosten-Funktion ein Wert zugeordnet werden, welchen es zu minimieren  (oder maximieren) gilt. Ein klassischer Optimierungsalgorithmus verändert auf Grundlage des Wertes der Kosten-Funktion die gegebenen Parameter, durch welche wiederum ein Zustand auf dem Quantencomputer vorbereitet wird. Durch geeignetes Vorgehen bei der Zustandspräparierung und der klassischen Optimierung können Speedups erreicht werden.', 'Variational Quantum Eigensolver', '* n-dimensionaler Vektor $|\psi_F\rangle$ (von zuletzt erhaltenen Optimierungsparametern abhängige Wellenfunktion)
* Skalarer Eigenwert durch Berechnung des Erwartungswertes $\langle\psi_F|A|\psi_F\rangle$', 'Viele wirtschaftlich relevante Fragestellungen der Neuzeit lassen sich als Optimierungsprobleme auffassen. So behandelt man beim Traveling-Salesman-Problem (TSP) die Aufgabe, eine Person zwischen verschiedenen Standorten mit gegebenen Distanzen möglichst effizient (z.B. möglichst schnell) reisen zu lassen. Solche und ähnliche Fragestellungen können als sogenanntes *Eigenwert-Problem* kodiert werden, in welchem bei gegebener Matrix $A$ Zahlen $\lambda_i$ und Vektoren $v_i$ gefunden werden sollen, sodass Folgendes gilt:
\$\$
Av_i = \lambda_iv_i
\$\$
Bei Optimierungsproblemen kann dies oft auf das Finden des größten bzw. kleinsten Eigenwertes und des dazugehörigen Eigenvektors beschränkt werden. Der Einsatz von variationellen Methoden wie dem VQE kann vor Allem bei quantenmechanischen Problemen, beispielsweise bei der Simulation von Molekülen in der Medikamentenforschung eingesetzt werden. [[3]](https://www.nature.com/articles/s41467-019-10988-2)
Quantenmechanisch übersetzt, wird der VQE dafür genutzt, den Energie-Grundzustand (niedrigster Eigenwert) eines Hamiltonoperators (Matrix) zu berechnen, welcher das System beschreibt. In der folgenden Beschreibung des Algorithmus'' wird auch auf die Mathematik und auf ein spezielles Vorgehen beim Präparierungsprozess eingegangen.', '## *Beschreibung des Algorithmus*
Der Algorithmus besteht aus der häufigen Wiederholung der folgenden Schritte, wobei QC quantenmechanische und PC klassische Anteile des Algorithmus beschreibt:
1. Präparierung eines Zustandes auf Grundlage von (Anfangs-)Parametern (QC)
2. Messung des Zustandes in der computational basis (QC)
3. Berechnung des Energie-Erwartungswertes mit diesem Zustand (PC)
4. Klassische Optimierung der Parameter basierend auf den Ergebnissen aus Schritt 3. (PC)

Auf Schritt 4 folgt wiederum Schritt 1 mit den neu erhaltenen Parametern.
### 1. Präparierung
Schon der erste Schritt beinhaltet seine Tücken. Die Zustandspräparierung ist nämlich der wichtigste Teil, durch welchen Speedups des Algorithmus'' gegenüber klassischer Alternativen erreicht werden könnten. In diesem Abschnitt wird eine sehr generische Zustandspräparierung behandelt, anhand derer das Konzept verdeutlicht werden soll. Die hier vorgestellte Zustandspräparierung von $n$ Qubits sieht wie folgt aus:

\$\$
|\psi\rangle = \big(U_\text{ent}U_\text{rot}(\vec{\theta})\big)^m|0\rangle^n
\$\$

Hierbei ist $U_\text{ent}$ ein Verschränkungsoperator, $U_\text{rot}$ ein Rotationsoperator und $m$ die (variable) Anzahl von (erneuten) Verschränkungen/Rotationen. Wie bei universellen Quantencomputern üblich, wird davon ausgegangen, dass die Qubits alle im Zustand $|0\rangle$ initialisiert werden können. Auf die einzelnen Bestandteile des Algorithmus wird im Folgenden eingegangen.<br><br>
#### Verschränkung $U_{ent}$
Quantencomputer haben unter anderem den Vorteil, dass durch Verschränkung ein hohe Anzahl parallel ausführbarer Operationen ermöglicht wird. Das wird auch hier bei der Zustandspräparierung ausgenutzt, bei welcher alle beteiligten Qubits miteinander verschränkt werden sollen. Formal ist die leichteste Form der Verschränkung zweier Qubits im $|0\rangle$-Zustand durch die Hintereinanderausführung eines Hadamard-Gatters auf das Control-Qubit und eines CNOT-Gatters zu realisieren:

\$\$
C_N(H\otimes\mathbb{I})|00\rangle=\frac{1}{\sqrt{2}}\big(|00\rangle+|11\rangle\big)\Rightarrow~\text{test}
\$\$

Bei mehreren Qubits gibt es verschiedenste Arten, diese miteinander zu verschränken. Hier soll eine ''lineare Verschränkung'' zwischen den Qubits gezeigt werden, bei welcher q0 mit q1, q1 mit q2 usw. verschränkt wird. In einem Quantenschaltkreis mit 4 Qubits könnte das wie folgt aussehen (die Hadamard-Gatter am Ende des Schaltkreises dienen lediglich dazu, den Basiswechsel vollständig auszuführen):

\begin{quantikz}
\lstick{$q_0:~\ket{0}$}\slice[style = black]{} & \gate{H} & \ctrl{1} &\qw &\qw &\qw &\qw & \gate{H}\slice[style = black]{} & \qw\\
\lstick{$q_1:~\ket{0}$} & \qw  & \targ{} & \gate{H} & \ctrl{1} &\qw &\qw & \gate{H} & \qw\\
\lstick{$q_2:~\ket{0}$} &\qw &\qw &\qw & \targ{} & \gate{H} & \ctrl{1} & \gate{H} & \qw \\
\lstick{$q_3:~\ket{0}$} &\qw &\qw &\qw &\qw &\qw & \targ{} & \qw & \qw
\end{quantikz}

Abhängig von der gewählten Tiefe $m$ wird die gewählte Verschränkung dementsprechend wiederholt.
#### Rotation $U_{rot}$
Die Matrizen, die Drehungen (auf der Blochsphäre) der einzelnen Qubits beschreiben, stellen den eigentlich zu optimierenden Teil dar. Diese Drehungen hängen von Winkeln ab, welche die zu optimierenden Parameter sind. In diesem Beispiel werden 1-Qubit $R_Y$-Dreh-Matrizen verwendet, welche wie folgt aussehen:

\$\$
R_Y(\theta)=\exp\big(-i\theta\sigma_y/2\big)=\cos(\theta/2)\mathbb{1}-i\sin(\theta/2)\sigma_y=\begin{pmatrix}
\cos(\theta/2) & -\sin(\theta/2) \\ \sin(\theta/2) & \cos(\theta/2)
\end{pmatrix}
\$\$

$\sigma_y$ bezeichnet die Pauli-y-Matrix und kann für analoge Drehungen um x- und z-Achse durch eben jene ersetzt werden. In diesem Beispiel wurde eine Drehung um die y-Achse der Bloch-Sphäre gewählt, da die dabei entstehenden Drehmatrizen keine komplexen Einträge enthalten, die bei der Berechnung eines reellen Erwartungswertes hinderlich sein könnten.
Um die Verschränkung vollständig nutzen zu können, werden sowohl vor, als auch nach dieser Drehungen stattfinden, weswegen bei der Tiefe $m$ des Schaltkreises $n(m+1)$ Winkel bzw. Parameter gebraucht werden. Für $m=1$ und $n=4$ werden somit 8 Winkel benötigt und die Implementierung in den Schaltkreis kann in folgender Grafik gesehen werden:

\begin{quantikz}
\lstick{$q_0:~\ket{0}$} & \gate{R_Y(\theta_1)}\slice[style = black]{} & \gate{H} & \ctrl{1} &\qw &\qw &\qw &\qw & \gate{H}\slice[style = black]{} & \gate{R_Y(\theta_5)} &\qw\\
\lstick{$q_1:~\ket{0}$} & \gate{R_Y(\theta_2)} & \qw  & \targ{} & \gate{H} & \ctrl{1} &\qw &\qw & \gate{H} & \gate{R_Y(\theta_6)} & \qw\\
\lstick{$q_2:~\ket{0}$} & \gate{R_Y(\theta_3)} &\qw &\qw &\qw & \targ{} & \gate{H} & \ctrl{1} & \gate{H} & \gate{R_Y(\theta_7)} & \qw \\
\lstick{$q_3:~\ket{0}$} & \gate{R_Y(\theta_4)} &\qw &\qw &\qw &\qw &\qw & \targ{} & \qw & \gate{R_Y(\theta_8)} &\qw
\end{quantikz}

### 2. - 4. Messung, Erwartungswertberechnung und Optimierung
Die Messung des Zustandes erfolgt in der computational basis und hängt von der ausgewählten Optimierungsstrategie ab. Im Fall des Einsatzes von *simultaneous perturbation stochastic approximation* (SPSA) [[4]](https://arxiv.org/abs/1704.05018) werden für einen Optimierungsschritt der Parameter zwei Zustände und die dazugehörigen Erwartungswerte benötigt, weshalb für einen Durchlauf des Algorithmus'' Schritt 1,2 und 3 zweimal ausgeführt werden müssen, bevor die eigentliche Optimierung stattfinden kann.
Nach der gewünschten Anzahl der Iterationsschritte (für die klassische Optimierung) erhält man ein finales Set von Parametern $\theta_F$, welche für die Berechnung der finalen Wellenfunktion $|\psi_F\rangle$ genutzt wird. Diese ist dann (bei genügend Iterationsschritten und bei vernünftiger Berechnung) ein Eigenzustand/-vektor der Matrix $A$. Der dazugehörige (minimalste) Eigenwert berechnet sich durch den Erwartungswert $\lambda_{min}=\langle\psi_F|A|\psi_F\rangle$.

### Referenzen
* [1] Peruzzo, A. et. al., https://arxiv.org/abs/1304.3061 (2013)
* [2] McClear, J.R. et. al., https://arxiv.org/abs/1509.04279 (2015)
* [3] Grimsle, H.R. et. al., https://www.nature.com/articles/s41467-019-10988-2 (2019)
* [4] Kandala, A. et. al., https://www.nature.com/articles/s41467-019-10988-2 (2017)', '379ec44e-1ce5-11eb-adf2-0242ac160002');
INSERT INTO public.algorithm (acronym, algo_parameter, assumptions, computation_model, input_format, intent, name, output_format, problem, solution, id) VALUES (NULL, 'N: N > 0, N odd', NULL, 1, 'N: Integer', 'Integer factorization', 'Shor', 'Factors: Integer Array', 'The algorithm of Shor is a ploynomial-time quantum computer algorithm for factorizing integers. It solves the following problem: GIven an integer N, find its prime factors. The American mathematician Peter Shor invented the algorithm in 1994.', NULL, 'b5df6c13-e619-496c-ada0-80fc3486f733');
INSERT INTO public.algorithm (acronym, algo_parameter, assumptions, computation_model, input_format, intent, name, output_format, problem, solution, id) VALUES ('QPE', 'U: Unitary Matrix; Eigenvector: Eigenvector of U', NULL, 1, 'U: Float Array; Eigenvector: Integer Array', 'Estimates eigenvalues, or phase, of an eigenvector of a unitary matrix', 'Quantum Phase Estimation', 'Eigenvalue: Float', 'The quantum phase estimation algorithm estimates the eigenvalues, or phase, of an eigenvector of a unitary matrix. It is frequently used as a subroutine in other quantum algorithms, such as the algorithm of Shor.', NULL, 'b61578ed-df66-44ec-954c-9bcf9906f490');
INSERT INTO public.algorithm (acronym, algo_parameter, assumptions, computation_model, input_format, intent, name, output_format, problem, solution, id) VALUES ('QRL1', NULL, NULL, 1, NULL, 'Reinforcement learning', 'Quantum Reinforcement Learning 1', NULL, 'With this algorithm, Dong et al. introduce an approach to quantum reinforcement learning (QRL) that takes advantage of effects from quantum physics and works fundamentally different than any classical RL method, however, some similarities still remain. For example, QRL, like classical RL methods, also contain a policy, reward function and an environment. However, Dong et al. note that their QRL algorithm differs to classical RL algorithms in intrinsic parts like representation, policy, parallelism and update operation. States and actions are also different in both approaches. In this QRL method, states are referred to as eigen states and actions as eigen actions and are able to be in a superposition state. Superposition allows the algorithm, among other things, to better balance exploration and exploitation. Recall that in quantum physics, whenever a qubit in superposition is measured, it collapses and takes on one state according to some probability. The algorithm takes advantage of this behaviour in the action selection policy. More specifically, an action is measured in relation to some state and hence collapses to one of its eigen actions according to some probability this action is then selected. This means that the probability of actions that are considered good should be amplified. The probability amplitudes must be updated throughout the algorithm. The method to update the probability amplitude is based on the Grover iteration from Grover’s algorithm, a famous quantum algorithm for database search. The method contains a oracle or black box that is used to tell whether an action is good or bad. Loosely formulated, the complete algorithm works as follows. The first step is to initialize the state and action. After this an action is observed and executed to receive the next state and reward. Then the state value and probability amplitudes are updated accordingly. The probability amplitudes are updated in such a way that the probability for good actions is amplified and shrunk for bad ones. This process is done repeatedly. And so, after a number of episodes, the algorithm is able to learn a policy.', NULL, '4ab28e22-cdf9-45f8-b872-f4d9d2757b6d');
INSERT INTO public.algorithm (acronym, algo_parameter, assumptions, computation_model, input_format, intent, name, output_format, problem, solution, id) VALUES ('QSVM1', NULL, NULL, 1, NULL, 'Classification', 'Quantum Support Vector Machine 1', NULL, 'Havlicek et al. show that a quantum version of the SVM can be implemented in the following way. Two distinct approaches are available for this problem. The first method uses a variational circuit to compute the separating hyperplane while the second method estimates the kernel function in order to optimize the classifier directly. The latter method is then used used as part of a conventional SVM. In both methods the data is provided classically while the quantum state space is used as the feature space. It is furthermore noted that in order to obtain a quantum advantage, the kernel cannot be estimated classically, i.e., if the kernel is too simple, the quantum SVM does not show a quantum advantage over a normal SVM. [Supervised learning with quantum enhanced feature spaces, Havlicek et al.]', NULL, '16aa96c5-b668-4df9-a03f-96d323708676');
INSERT INTO public.algorithm (acronym, algo_parameter, assumptions, computation_model, input_format, intent, name, output_format, problem, solution, id) VALUES ('QSVM2', NULL, NULL, 1, NULL, 'Classification', 'Quantum Support Vector Machine 2', NULL, 'The training of quantum support vector machines (QSVM) can also be run on a quantum annealer, as demonstrated by Willsch et al. in a recent paper. To achieve this, the problem, like any problem solved via quantum annealing (QA), must first be formulated as a QUBO. However, the training of SVMs entails solving equations that contain real numbers whereas a QUBO consists of binary values. Willsch et al. use a special encoding to overcome this and thus are able to formulate the problem as a QUBO. Willsch et al. investigate the performance of their QSVM on a DW2000Q quantum annealer. They note that the quantum annealer returns in addition to the global optimum, a range of solutions that are close to the optimal. They furthermore note that this is advantageous as the generalization ability may potentially be improved by using a combination of the produced solutions. In summary, a QVSM can be trained using via QA by formulating the problem as a QUBO. A QA device, such as the DW2000Q, produces optimal and near-optimal solutions and a combination of these solutions can potentially improve the generalization behaviour.', NULL, '9aa16271-6ea1-4e15-ad9d-6e6e264a0ad0');
INSERT INTO public.algorithm (acronym, algo_parameter, assumptions, computation_model, input_format, intent, name, output_format, problem, solution, id) VALUES (NULL, NULL, NULL, 1, NULL, NULL, 'Grover-SAT', NULL, NULL, NULL, '3c7722e2-09c3-4667-9a0d-a45d3ddc42ae');
INSERT INTO public.algorithm (acronym, algo_parameter, assumptions, computation_model, input_format, intent, name, output_format, problem, solution, id) VALUES (NULL, NULL, NULL, 1, NULL, NULL, 'Grover-Truthtable', NULL, NULL, NULL, '0e5af2cf-f3c8-48dd-9743-cfdea65f320f');
INSERT INTO public.algorithm (acronym, algo_parameter, assumptions, computation_model, input_format, intent, name, output_format, problem, solution, id) VALUES (NULL, NULL, NULL, 1, NULL, NULL, 'Simon', NULL, NULL, NULL, '871f7eea-4722-4728-8cd9-1e61fe2dd285');
INSERT INTO public.algorithm (acronym, algo_parameter, assumptions, computation_model, input_format, intent, name, output_format, problem, solution, id) VALUES ('QAOA', NULL, NULL, 2, NULL, NULL, 'Quantum Approximate Optimization Algorithm', NULL, NULL, NULL, '0f6587f3-6b6b-4dd4-98aa-b464913b8c14');


--
-- TOC entry 3328 (class 0 OID 16426)
-- Dependencies: 211
-- Data for Name: application_area; Type: TABLE DATA; Schema: public; Owner: planqk
--

INSERT INTO public.application_area (id, name) VALUES ('ce597b06-c55e-46ce-976c-8de398e049b9', 'Cryptography');
INSERT INTO public.application_area (id, name) VALUES ('12b0d326-8b6a-4f7c-8717-d9cc5eb4a567', 'Classification');
INSERT INTO public.application_area (id, name) VALUES ('da982d08-30a8-48f7-8db1-204c0b4f1865', 'Machine Learning');


--
-- TOC entry 3320 (class 0 OID 16396)
-- Dependencies: 203
-- Data for Name: algorithm_application_area; Type: TABLE DATA; Schema: public; Owner: planqk
--

INSERT INTO public.algorithm_application_area (algorithm_id, application_area_id) VALUES ('b5df6c13-e619-496c-ada0-80fc3486f733', 'ce597b06-c55e-46ce-976c-8de398e049b9');
INSERT INTO public.algorithm_application_area (algorithm_id, application_area_id) VALUES ('b61578ed-df66-44ec-954c-9bcf9906f490', 'ce597b06-c55e-46ce-976c-8de398e049b9');
INSERT INTO public.algorithm_application_area (algorithm_id, application_area_id) VALUES ('4ab28e22-cdf9-45f8-b872-f4d9d2757b6d', 'da982d08-30a8-48f7-8db1-204c0b4f1865');
INSERT INTO public.algorithm_application_area (algorithm_id, application_area_id) VALUES ('16aa96c5-b668-4df9-a03f-96d323708676', 'da982d08-30a8-48f7-8db1-204c0b4f1865');
INSERT INTO public.algorithm_application_area (algorithm_id, application_area_id) VALUES ('16aa96c5-b668-4df9-a03f-96d323708676', '12b0d326-8b6a-4f7c-8717-d9cc5eb4a567');
INSERT INTO public.algorithm_application_area (algorithm_id, application_area_id) VALUES ('9aa16271-6ea1-4e15-ad9d-6e6e264a0ad0', 'da982d08-30a8-48f7-8db1-204c0b4f1865');
INSERT INTO public.algorithm_application_area (algorithm_id, application_area_id) VALUES ('9aa16271-6ea1-4e15-ad9d-6e6e264a0ad0', '12b0d326-8b6a-4f7c-8717-d9cc5eb4a567');


--
-- TOC entry 3353 (class 0 OID 16530)
-- Dependencies: 236
-- Data for Name: learning_method; Type: TABLE DATA; Schema: public; Owner: planqk
--



--
-- TOC entry 3321 (class 0 OID 16399)
-- Dependencies: 204
-- Data for Name: algorithm_learning_method; Type: TABLE DATA; Schema: public; Owner: planqk
--



--
-- TOC entry 3358 (class 0 OID 16548)
-- Dependencies: 241
-- Data for Name: problem_type; Type: TABLE DATA; Schema: public; Owner: planqk
--

INSERT INTO public.problem_type (id, name, parent_problem_type) VALUES ('76d773b5-4635-4d67-877c-e565b9f08496', 'Integer Factorization', NULL);


--
-- TOC entry 3322 (class 0 OID 16402)
-- Dependencies: 205
-- Data for Name: algorithm_problem_type; Type: TABLE DATA; Schema: public; Owner: planqk
--

INSERT INTO public.algorithm_problem_type (algorithm_id, problem_type_id) VALUES ('b5df6c13-e619-496c-ada0-80fc3486f733', '76d773b5-4635-4d67-877c-e565b9f08496');


--
-- TOC entry 3359 (class 0 OID 16551)
-- Dependencies: 242
-- Data for Name: publication; Type: TABLE DATA; Schema: public; Owner: planqk
--

INSERT INTO public.publication (doi, title, url, id) VALUES ('10.1137/S0097539795293172', 'Polynomial-Time Algorithms for Prime Factorization and Discrete Logarithms on a Quantum Computer', 'https://arxiv.org/abs/quant-ph/9508027', 'f05c9136-2f9f-433f-9c35-85009111ee3c');
INSERT INTO public.publication (doi, title, url, id) VALUES ('10.1109/TSMCB.2008.925743', 'Quantum reinforcement learning', 'https://arxiv.org/abs/0810.3828', '87d697a4-6256-4f84-b545-c2024ab380c2');
INSERT INTO public.publication (doi, title, url, id) VALUES ('10.1038/s41586-019-0980-2', 'Supervised learning with quantum enhanced feature spaces', 'https://arxiv.org/abs/1804.11326', '3aac6a37-10de-4a95-a2bd-381d357df2a4');
INSERT INTO public.publication (doi, title, url, id) VALUES ('10.1016/j.cpc.2019.107006', 'Support vector machines on the D-Wave quantum annealer', 'https://arxiv.org/abs/1906.06283', 'ae6bdf6f-2656-45bd-9b96-0820eea3cdab');


--
-- TOC entry 3323 (class 0 OID 16405)
-- Dependencies: 206
-- Data for Name: algorithm_publication; Type: TABLE DATA; Schema: public; Owner: planqk
--

INSERT INTO public.algorithm_publication (algorithm_id, publication_id) VALUES ('b5df6c13-e619-496c-ada0-80fc3486f733', 'f05c9136-2f9f-433f-9c35-85009111ee3c');
INSERT INTO public.algorithm_publication (algorithm_id, publication_id) VALUES ('b61578ed-df66-44ec-954c-9bcf9906f490', 'f05c9136-2f9f-433f-9c35-85009111ee3c');
INSERT INTO public.algorithm_publication (algorithm_id, publication_id) VALUES ('4ab28e22-cdf9-45f8-b872-f4d9d2757b6d', '87d697a4-6256-4f84-b545-c2024ab380c2');
INSERT INTO public.algorithm_publication (algorithm_id, publication_id) VALUES ('16aa96c5-b668-4df9-a03f-96d323708676', '3aac6a37-10de-4a95-a2bd-381d357df2a4');
INSERT INTO public.algorithm_publication (algorithm_id, publication_id) VALUES ('9aa16271-6ea1-4e15-ad9d-6e6e264a0ad0', 'ae6bdf6f-2656-45bd-9b96-0820eea3cdab');


--
-- TOC entry 3325 (class 0 OID 16411)
-- Dependencies: 208
-- Data for Name: algorithm_relation_type; Type: TABLE DATA; Schema: public; Owner: planqk
--



--
-- TOC entry 3324 (class 0 OID 16408)
-- Dependencies: 207
-- Data for Name: algorithm_relation; Type: TABLE DATA; Schema: public; Owner: planqk
--



--
-- TOC entry 3365 (class 0 OID 16572)
-- Dependencies: 248
-- Data for Name: revinfo; Type: TABLE DATA; Schema: public; Owner: planqk
--

INSERT INTO public.revinfo (rev, revtstmp) VALUES (2, 1699534064433);
INSERT INTO public.revinfo (rev, revtstmp) VALUES (3, 1699534071271);
INSERT INTO public.revinfo (rev, revtstmp) VALUES (4, 1699534089664);
INSERT INTO public.revinfo (rev, revtstmp) VALUES (5, 1699535001297);
INSERT INTO public.revinfo (rev, revtstmp) VALUES (6, 1699535041915);
INSERT INTO public.revinfo (rev, revtstmp) VALUES (7, 1699535068636);
INSERT INTO public.revinfo (rev, revtstmp) VALUES (8, 1699535114399);
INSERT INTO public.revinfo (rev, revtstmp) VALUES (9, 1699535127869);
INSERT INTO public.revinfo (rev, revtstmp) VALUES (10, 1699977744153);


--
-- TOC entry 3352 (class 0 OID 16527)
-- Dependencies: 235
-- Data for Name: knowledge_artifact_revisions; Type: TABLE DATA; Schema: public; Owner: planqk
--

INSERT INTO public.knowledge_artifact_revisions (id, rev, revtype, creation_date, last_modified_at) VALUES ('0f6587f3-6b6b-4dd4-98aa-b464913b8c14', 2, 0, NULL, NULL);
INSERT INTO public.knowledge_artifact_revisions (id, rev, revtype, creation_date, last_modified_at) VALUES ('0f6587f3-6b6b-4dd4-98aa-b464913b8c14', 3, 1, NULL, NULL);
INSERT INTO public.knowledge_artifact_revisions (id, rev, revtype, creation_date, last_modified_at) VALUES ('03223c33-7cd2-4496-84c9-c654da405b19', 4, 0, NULL, NULL);
INSERT INTO public.knowledge_artifact_revisions (id, rev, revtype, creation_date, last_modified_at) VALUES ('03223c33-7cd2-4496-84c9-c654da405b19', 5, 1, NULL, NULL);
INSERT INTO public.knowledge_artifact_revisions (id, rev, revtype, creation_date, last_modified_at) VALUES ('03223c33-7cd2-4496-84c9-c654da405b19', 6, 1, NULL, NULL);
INSERT INTO public.knowledge_artifact_revisions (id, rev, revtype, creation_date, last_modified_at) VALUES ('03223c33-7cd2-4496-84c9-c654da405b19', 7, 1, NULL, NULL);
INSERT INTO public.knowledge_artifact_revisions (id, rev, revtype, creation_date, last_modified_at) VALUES ('03223c33-7cd2-4496-84c9-c654da405b19', 8, 1, NULL, NULL);
INSERT INTO public.knowledge_artifact_revisions (id, rev, revtype, creation_date, last_modified_at) VALUES ('03223c33-7cd2-4496-84c9-c654da405b19', 9, 1, NULL, NULL);
INSERT INTO public.knowledge_artifact_revisions (id, rev, revtype, creation_date, last_modified_at) VALUES ('03223c33-7cd2-4496-84c9-c654da405b19', 10, 1, NULL, NULL);


--
-- TOC entry 3326 (class 0 OID 16417)
-- Dependencies: 209
-- Data for Name: algorithm_revisions; Type: TABLE DATA; Schema: public; Owner: planqk
--

INSERT INTO public.algorithm_revisions (id, rev, acronym, algo_parameter, assumptions, computation_model, input_format, intent, name, output_format, problem, solution) VALUES ('0f6587f3-6b6b-4dd4-98aa-b464913b8c14', 2, NULL, NULL, NULL, 2, NULL, NULL, 'Quantum Approximate Optimization Algorithm', NULL, NULL, NULL);
INSERT INTO public.algorithm_revisions (id, rev, acronym, algo_parameter, assumptions, computation_model, input_format, intent, name, output_format, problem, solution) VALUES ('0f6587f3-6b6b-4dd4-98aa-b464913b8c14', 3, 'QAOA', NULL, NULL, 2, NULL, NULL, 'Quantum Approximate Optimization Algorithm', NULL, NULL, NULL);


--
-- TOC entry 3372 (class 0 OID 16599)
-- Dependencies: 255
-- Data for Name: tag; Type: TABLE DATA; Schema: public; Owner: planqk
--

INSERT INTO public.tag (value, category) VALUES ('Phase Estimation', 'Subroutine');
INSERT INTO public.tag (value, category) VALUES ('Reinforcement learning', 'Algorithm class');
INSERT INTO public.tag (value, category) VALUES ('Classification', 'Algorithm class');
INSERT INTO public.tag (value, category) VALUES ('Factorization', 'Algorithm class');


--
-- TOC entry 3327 (class 0 OID 16423)
-- Dependencies: 210
-- Data for Name: algorithm_tag; Type: TABLE DATA; Schema: public; Owner: planqk
--

INSERT INTO public.algorithm_tag (algorithm_id, tag_value) VALUES ('b61578ed-df66-44ec-954c-9bcf9906f490', 'Phase Estimation');
INSERT INTO public.algorithm_tag (algorithm_id, tag_value) VALUES ('4ab28e22-cdf9-45f8-b872-f4d9d2757b6d', 'Reinforcement learning');
INSERT INTO public.algorithm_tag (algorithm_id, tag_value) VALUES ('16aa96c5-b668-4df9-a03f-96d323708676', 'Classification');
INSERT INTO public.algorithm_tag (algorithm_id, tag_value) VALUES ('9aa16271-6ea1-4e15-ad9d-6e6e264a0ad0', 'Classification');
INSERT INTO public.algorithm_tag (algorithm_id, tag_value) VALUES ('b5df6c13-e619-496c-ada0-80fc3486f733', 'Factorization');


--
-- TOC entry 3329 (class 0 OID 16429)
-- Dependencies: 212
-- Data for Name: classic_algorithm; Type: TABLE DATA; Schema: public; Owner: planqk
--



--
-- TOC entry 3330 (class 0 OID 16432)
-- Dependencies: 213
-- Data for Name: classic_algorithm_revisions; Type: TABLE DATA; Schema: public; Owner: planqk
--



--
-- TOC entry 3344 (class 0 OID 16494)
-- Dependencies: 227
-- Data for Name: implementation; Type: TABLE DATA; Schema: public; Owner: planqk
--

INSERT INTO public.implementation (assumptions, contributors, dependencies, description, input_format, license, link, name, technology, output_format, parameter, problem_statement, version, id, implemented_algorithm_id) VALUES (NULL, NULL, 'Python3', NULL, 'U: Float Array; Precision: Integer', NULL, NULL, 'forest-qpe', NULL, 'Eigenvalue: Integer Array', 'U: unitary matrix; precision: precision > 0', NULL, NULL, 'b3b616b6-6e4a-49b1-baf7-f08fa962a441', 'b61578ed-df66-44ec-954c-9bcf9906f490');
INSERT INTO public.implementation (assumptions, contributors, dependencies, description, input_format, license, link, name, technology, output_format, parameter, problem_statement, version, id, implemented_algorithm_id) VALUES (NULL, NULL, 'Python3', NULL, 'N: Integer', NULL, NULL, 'forest-shor', NULL, 'Factors: Integer Array', 'N: N > 2', NULL, NULL, 'e07898e3-280f-4701-9d54-7d051af8d448', 'b5df6c13-e619-496c-ada0-80fc3486f733');
INSERT INTO public.implementation (assumptions, contributors, dependencies, description, input_format, license, link, name, technology, output_format, parameter, problem_statement, version, id, implemented_algorithm_id) VALUES (NULL, NULL, 'Python3', NULL, 'N: Integer', NULL, NULL, 'qiskit-aqua-shor', NULL, 'Factors: Integer Array', 'N: N > 2', NULL, NULL, '170eff66-733f-4043-a56b-3189bf474d62', 'b5df6c13-e619-496c-ada0-80fc3486f733');
INSERT INTO public.implementation (assumptions, contributors, dependencies, description, input_format, license, link, name, technology, output_format, parameter, problem_statement, version, id, implemented_algorithm_id) VALUES (NULL, NULL, 'Python3', NULL, NULL, NULL, NULL, 'qiskit-qpe', NULL, NULL, NULL, NULL, NULL, '1066e01c-e3ac-4830-b610-eb613187850c', 'b61578ed-df66-44ec-954c-9bcf9906f490');
INSERT INTO public.implementation (assumptions, contributors, dependencies, description, input_format, license, link, name, technology, output_format, parameter, problem_statement, version, id, implemented_algorithm_id) VALUES (NULL, NULL, NULL, NULL, NULL, NULL, NULL, 'grover-fix-sat-qiskit', NULL, NULL, NULL, NULL, NULL, '8179d686-afa1-4f03-8ec9-95899002488a', '3c7722e2-09c3-4667-9a0d-a45d3ddc42ae');
INSERT INTO public.implementation (assumptions, contributors, dependencies, description, input_format, license, link, name, technology, output_format, parameter, problem_statement, version, id, implemented_algorithm_id) VALUES (NULL, NULL, NULL, NULL, NULL, NULL, NULL, 'grover-general-sat-qiskit', NULL, NULL, NULL, NULL, NULL, '7de45de7-aca2-4966-a5f9-8ef018688722', '3c7722e2-09c3-4667-9a0d-a45d3ddc42ae');
INSERT INTO public.implementation (assumptions, contributors, dependencies, description, input_format, license, link, name, technology, output_format, parameter, problem_statement, version, id, implemented_algorithm_id) VALUES (NULL, NULL, NULL, NULL, NULL, NULL, NULL, 'grover-fix-truthtable-qiskit', NULL, NULL, NULL, NULL, NULL, '10bc87a9-9317-41c8-8d19-fc6594d23383', '0e5af2cf-f3c8-48dd-9743-cfdea65f320f');
INSERT INTO public.implementation (assumptions, contributors, dependencies, description, input_format, license, link, name, technology, output_format, parameter, problem_statement, version, id, implemented_algorithm_id) VALUES (NULL, NULL, NULL, NULL, NULL, NULL, NULL, 'grover-general-truthtable-qiskit', NULL, NULL, NULL, NULL, NULL, 'e7a33256-0ab4-4baa-a805-0296b97960d6', '0e5af2cf-f3c8-48dd-9743-cfdea65f320f');
INSERT INTO public.implementation (assumptions, contributors, dependencies, description, input_format, license, link, name, technology, output_format, parameter, problem_statement, version, id, implemented_algorithm_id) VALUES (NULL, NULL, NULL, NULL, NULL, NULL, NULL, 'shor-fix-15-qiskit', NULL, NULL, NULL, NULL, NULL, 'c293bbf4-b8cf-4393-a403-a359a77b868c', 'b5df6c13-e619-496c-ada0-80fc3486f733');
INSERT INTO public.implementation (assumptions, contributors, dependencies, description, input_format, license, link, name, technology, output_format, parameter, problem_statement, version, id, implemented_algorithm_id) VALUES (NULL, NULL, NULL, NULL, NULL, NULL, NULL, 'shor-general-qiskit', NULL, NULL, NULL, NULL, NULL, '816a96fc-696d-419f-8bd4-98752cc72aac', 'b5df6c13-e619-496c-ada0-80fc3486f733');
INSERT INTO public.implementation (assumptions, contributors, dependencies, description, input_format, license, link, name, technology, output_format, parameter, problem_statement, version, id, implemented_algorithm_id) VALUES (NULL, NULL, NULL, NULL, NULL, NULL, NULL, 'simon-general-qiskit', NULL, NULL, NULL, NULL, NULL, '649859eb-7709-4beb-9738-d57f11d80455', '871f7eea-4722-4728-8cd9-1e61fe2dd285');
INSERT INTO public.implementation (assumptions, contributors, dependencies, description, input_format, license, link, name, technology, output_format, parameter, problem_statement, version, id, implemented_algorithm_id) VALUES (NULL, NULL, NULL, NULL, NULL, NULL, NULL, 'QAOA_workflow_implementation', NULL, NULL, NULL, NULL, NULL, '03223c33-7cd2-4496-84c9-c654da405b19', '0f6587f3-6b6b-4dd4-98aa-b464913b8c14');


--
-- TOC entry 3331 (class 0 OID 16435)
-- Dependencies: 214
-- Data for Name: classic_implementation; Type: TABLE DATA; Schema: public; Owner: planqk
--



--
-- TOC entry 3348 (class 0 OID 16512)
-- Dependencies: 231
-- Data for Name: implementation_revisions; Type: TABLE DATA; Schema: public; Owner: planqk
--

INSERT INTO public.implementation_revisions (id, rev, assumptions, contributors, dependencies, description, input_format, license, name, output_format, parameter, problem_statement, technology, version, implemented_algorithm_id) VALUES ('03223c33-7cd2-4496-84c9-c654da405b19', 4, NULL, NULL, NULL, NULL, NULL, NULL, 'QAOA_workflow_implementation', NULL, NULL, NULL, NULL, NULL, '0f6587f3-6b6b-4dd4-98aa-b464913b8c14');
INSERT INTO public.implementation_revisions (id, rev, assumptions, contributors, dependencies, description, input_format, license, name, output_format, parameter, problem_statement, technology, version, implemented_algorithm_id) VALUES ('03223c33-7cd2-4496-84c9-c654da405b19', 5, NULL, NULL, NULL, NULL, NULL, NULL, 'QAOA_workflow_implementation', NULL, NULL, NULL, NULL, NULL, '0f6587f3-6b6b-4dd4-98aa-b464913b8c14');
INSERT INTO public.implementation_revisions (id, rev, assumptions, contributors, dependencies, description, input_format, license, name, output_format, parameter, problem_statement, technology, version, implemented_algorithm_id) VALUES ('03223c33-7cd2-4496-84c9-c654da405b19', 6, NULL, NULL, NULL, NULL, NULL, NULL, 'QAOA_workflow_implementation', NULL, NULL, NULL, NULL, NULL, '0f6587f3-6b6b-4dd4-98aa-b464913b8c14');
INSERT INTO public.implementation_revisions (id, rev, assumptions, contributors, dependencies, description, input_format, license, name, output_format, parameter, problem_statement, technology, version, implemented_algorithm_id) VALUES ('03223c33-7cd2-4496-84c9-c654da405b19', 7, NULL, NULL, NULL, NULL, NULL, NULL, 'QAOA_workflow_implementation', NULL, NULL, NULL, NULL, NULL, '0f6587f3-6b6b-4dd4-98aa-b464913b8c14');
INSERT INTO public.implementation_revisions (id, rev, assumptions, contributors, dependencies, description, input_format, license, name, output_format, parameter, problem_statement, technology, version, implemented_algorithm_id) VALUES ('03223c33-7cd2-4496-84c9-c654da405b19', 8, NULL, NULL, NULL, NULL, NULL, NULL, 'QAOA_workflow_implementation', NULL, NULL, NULL, NULL, NULL, '0f6587f3-6b6b-4dd4-98aa-b464913b8c14');
INSERT INTO public.implementation_revisions (id, rev, assumptions, contributors, dependencies, description, input_format, license, name, output_format, parameter, problem_statement, technology, version, implemented_algorithm_id) VALUES ('03223c33-7cd2-4496-84c9-c654da405b19', 9, NULL, NULL, NULL, NULL, NULL, NULL, 'QAOA_workflow_implementation', NULL, NULL, NULL, NULL, NULL, '0f6587f3-6b6b-4dd4-98aa-b464913b8c14');
INSERT INTO public.implementation_revisions (id, rev, assumptions, contributors, dependencies, description, input_format, license, name, output_format, parameter, problem_statement, technology, version, implemented_algorithm_id) VALUES ('03223c33-7cd2-4496-84c9-c654da405b19', 10, NULL, NULL, NULL, NULL, NULL, NULL, 'QAOA_workflow_implementation', NULL, NULL, NULL, NULL, NULL, '0f6587f3-6b6b-4dd4-98aa-b464913b8c14');


--
-- TOC entry 3332 (class 0 OID 16438)
-- Dependencies: 215
-- Data for Name: classic_implementation_revisions; Type: TABLE DATA; Schema: public; Owner: planqk
--



--
-- TOC entry 3333 (class 0 OID 16441)
-- Dependencies: 216
-- Data for Name: cloud_service; Type: TABLE DATA; Schema: public; Owner: planqk
--

INSERT INTO public.cloud_service (id, cost_model, description, name, provider, url) VALUES ('7ac0786f-4d4d-4ab6-beb8-6d3c9d80857d', NULL, NULL, 'IBMQ', 'IBM', 'https://quantum-computing.ibm.com/');
INSERT INTO public.cloud_service (id, cost_model, description, name, provider, url) VALUES ('bac9b43d-6ced-41c6-ae85-ef065e280d8b', NULL, NULL, 'Rigetti', 'Rigetti', 'https://www.rigetti.com/');


--
-- TOC entry 3335 (class 0 OID 16450)
-- Dependencies: 218
-- Data for Name: compute_resource; Type: TABLE DATA; Schema: public; Owner: planqk
--

INSERT INTO public.compute_resource (dtype, id, name, quantum_computation_model, technology, vendor, qprov_origin) VALUES ('ComputeResource', 'faea0025-9096-4582-b2f9-93096358dbc2', 'ibmq_16_melbourne', 0, '', 'IBMQ', NULL);
INSERT INTO public.compute_resource (dtype, id, name, quantum_computation_model, technology, vendor, qprov_origin) VALUES ('ComputeResource', 'c0fc8141-4d19-4654-910b-109882b4b99b', 'ibmqx2', 0, NULL, 'IBMQ', NULL);
INSERT INTO public.compute_resource (dtype, id, name, quantum_computation_model, technology, vendor, qprov_origin) VALUES ('ComputeResource', '2e683cee-8363-4327-8765-3b5f957acc90', 'Rigetti 19Q', 0, 'Superconducting', 'Rigetti', NULL);
INSERT INTO public.compute_resource (dtype, id, name, quantum_computation_model, technology, vendor, qprov_origin) VALUES ('ComputeResource', '82df8861-b7de-464d-9dab-4adabbe78cd2', 'Rigetti 8Q', 0, 'Superconducting', 'Rigetti', NULL);


--
-- TOC entry 3334 (class 0 OID 16447)
-- Dependencies: 217
-- Data for Name: cloud_services_compute_resources; Type: TABLE DATA; Schema: public; Owner: planqk
--

INSERT INTO public.cloud_services_compute_resources (cloud_service_id, compute_resource_id) VALUES ('7ac0786f-4d4d-4ab6-beb8-6d3c9d80857d', 'faea0025-9096-4582-b2f9-93096358dbc2');
INSERT INTO public.cloud_services_compute_resources (cloud_service_id, compute_resource_id) VALUES ('bac9b43d-6ced-41c6-ae85-ef065e280d8b', '2e683cee-8363-4327-8765-3b5f957acc90');
INSERT INTO public.cloud_services_compute_resources (cloud_service_id, compute_resource_id) VALUES ('7ac0786f-4d4d-4ab6-beb8-6d3c9d80857d', 'c0fc8141-4d19-4654-910b-109882b4b99b');
INSERT INTO public.cloud_services_compute_resources (cloud_service_id, compute_resource_id) VALUES ('bac9b43d-6ced-41c6-ae85-ef065e280d8b', '82df8861-b7de-464d-9dab-4adabbe78cd2');


--
-- TOC entry 3337 (class 0 OID 16459)
-- Dependencies: 220
-- Data for Name: compute_resource_property_type; Type: TABLE DATA; Schema: public; Owner: planqk
--

INSERT INTO public.compute_resource_property_type (id, datatype, description, name) VALUES ('e658e9bb-ca15-4b3a-9dd2-833ccd144e50', 0, '', 'Number of Qubits');
INSERT INTO public.compute_resource_property_type (id, datatype, description, name) VALUES ('6fd6e29e-8fa4-4682-9ea6-f1b9a1cb2553', 2, '', 't1');
INSERT INTO public.compute_resource_property_type (id, datatype, description, name) VALUES ('ff58dc2e-b805-4d32-b2ac-a059464e5102', 0, '', 'Max gate time');


--
-- TOC entry 3336 (class 0 OID 16456)
-- Dependencies: 219
-- Data for Name: compute_resource_property; Type: TABLE DATA; Schema: public; Owner: planqk
--

INSERT INTO public.compute_resource_property (id, value, algorithm_id, compute_resource_id, compute_resource_property_type_id, implementation_id) VALUES ('92376664-12fc-4143-9ce3-0ce2a7372e05', '15', NULL, 'faea0025-9096-4582-b2f9-93096358dbc2', 'e658e9bb-ca15-4b3a-9dd2-833ccd144e50', NULL);
INSERT INTO public.compute_resource_property (id, value, algorithm_id, compute_resource_id, compute_resource_property_type_id, implementation_id) VALUES ('f052fab4-8fa7-4b20-a053-a655f362e5b7', '50063.8361', NULL, 'faea0025-9096-4582-b2f9-93096358dbc2', '6fd6e29e-8fa4-4682-9ea6-f1b9a1cb2553', NULL);
INSERT INTO public.compute_resource_property (id, value, algorithm_id, compute_resource_id, compute_resource_property_type_id, implementation_id) VALUES ('5d57ecb5-f071-472f-a0c3-213d99569f8e', '1043', NULL, 'faea0025-9096-4582-b2f9-93096358dbc2', 'ff58dc2e-b805-4d32-b2ac-a059464e5102', NULL);
INSERT INTO public.compute_resource_property (id, value, algorithm_id, compute_resource_id, compute_resource_property_type_id, implementation_id) VALUES ('29d3b8b6-9523-4610-9587-98a1019035e0', '5', NULL, 'c0fc8141-4d19-4654-910b-109882b4b99b', 'e658e9bb-ca15-4b3a-9dd2-833ccd144e50', NULL);
INSERT INTO public.compute_resource_property (id, value, algorithm_id, compute_resource_id, compute_resource_property_type_id, implementation_id) VALUES ('039b068c-cadd-4a95-a408-e3f058a540e2', '62104.6608', NULL, 'c0fc8141-4d19-4654-910b-109882b4b99b', '6fd6e29e-8fa4-4682-9ea6-f1b9a1cb2553', NULL);
INSERT INTO public.compute_resource_property (id, value, algorithm_id, compute_resource_id, compute_resource_property_type_id, implementation_id) VALUES ('428ac66a-c08d-441c-96a7-3c5976daa08d', '391', NULL, 'c0fc8141-4d19-4654-910b-109882b4b99b', 'ff58dc2e-b805-4d32-b2ac-a059464e5102', NULL);
INSERT INTO public.compute_resource_property (id, value, algorithm_id, compute_resource_id, compute_resource_property_type_id, implementation_id) VALUES ('79834b76-82d5-4962-b78a-012f374fe4b1', '20', NULL, '2e683cee-8363-4327-8765-3b5f957acc90', 'e658e9bb-ca15-4b3a-9dd2-833ccd144e50', NULL);
INSERT INTO public.compute_resource_property (id, value, algorithm_id, compute_resource_id, compute_resource_property_type_id, implementation_id) VALUES ('064f93f4-d50a-49ae-a7e4-ea36fc67a662', '20330', NULL, '2e683cee-8363-4327-8765-3b5f957acc90', '6fd6e29e-8fa4-4682-9ea6-f1b9a1cb2553', NULL);
INSERT INTO public.compute_resource_property (id, value, algorithm_id, compute_resource_id, compute_resource_property_type_id, implementation_id) VALUES ('51d3b698-0698-4058-bb9b-2de809a3a704', '214', NULL, '2e683cee-8363-4327-8765-3b5f957acc90', 'ff58dc2e-b805-4d32-b2ac-a059464e5102', NULL);
INSERT INTO public.compute_resource_property (id, value, algorithm_id, compute_resource_id, compute_resource_property_type_id, implementation_id) VALUES ('486fbc6f-20b2-4247-8742-b36cfd5b3c44', '8', NULL, '82df8861-b7de-464d-9dab-4adabbe78cd2', 'e658e9bb-ca15-4b3a-9dd2-833ccd144e50', NULL);
INSERT INTO public.compute_resource_property (id, value, algorithm_id, compute_resource_id, compute_resource_property_type_id, implementation_id) VALUES ('d772d10b-0614-480a-b2ec-b33a32d74e42', '13406.25', NULL, '82df8861-b7de-464d-9dab-4adabbe78cd2', '6fd6e29e-8fa4-4682-9ea6-f1b9a1cb2553', NULL);
INSERT INTO public.compute_resource_property (id, value, algorithm_id, compute_resource_id, compute_resource_property_type_id, implementation_id) VALUES ('dde0fa28-a69d-4e51-83c7-5e23d06aeb2a', '198', NULL, '82df8861-b7de-464d-9dab-4adabbe78cd2', 'ff58dc2e-b805-4d32-b2ac-a059464e5102', NULL);


--
-- TOC entry 3339 (class 0 OID 16468)
-- Dependencies: 222
-- Data for Name: discussion_topic; Type: TABLE DATA; Schema: public; Owner: planqk
--



--
-- TOC entry 3338 (class 0 OID 16465)
-- Dependencies: 221
-- Data for Name: discussion_comment; Type: TABLE DATA; Schema: public; Owner: planqk
--



--
-- TOC entry 3340 (class 0 OID 16474)
-- Dependencies: 223
-- Data for Name: file; Type: TABLE DATA; Schema: public; Owner: planqk
--

INSERT INTO public.file (fileurl, mime_type, name, id) VALUES ('ibm-mitigation.zip', 'application/zip', 'ibm-mitigation.zip', '4dc9b29d-9e71-4d6a-9dc5-9af8e8ff2746');
INSERT INTO public.file (fileurl, mime_type, name, id) VALUES ('warm-start.zip', 'application/zip', 'warm-start.zip', 'aec24380-8ee8-4fee-9dd4-ab28cfbfca0b');
INSERT INTO public.file (fileurl, mime_type, name, id) VALUES ('qaoa-workflow.bpmn', 'application/octet-stream', 'qaoa-workflow.bpmn', 'a8825f0c-f7e8-4238-8d21-ae1513285551');
INSERT INTO public.file (fileurl, mime_type, name, id) VALUES ('cutting.zip', 'application/x-zip-compressed', 'cutting.zip', 'dacf328e-ce3b-4acc-b7a5-3ec07cd010ab');


--
-- TOC entry 3341 (class 0 OID 16480)
-- Dependencies: 224
-- Data for Name: file_data; Type: TABLE DATA; Schema: public; Owner: planqk
--

INSERT INTO public.file_data (id, data, file_id) VALUES ('d02108eb-34bb-4eb9-b0b5-42b46a227755', '\x504b0304140000000800825d6f58ab06e96f2c020000610400001c00000069626d2d6d697469676174696f6e2f6465746563746f722e62706d6e8d545d6fda30147d9fb4ff10f9711a38e968c5a2a6550b549b443a0a74afc889ef126fb11d6c07427ffdec848fc054694ff1b5ef39f7dc731ddfded7bcf036a03493224241df471e88545226b208bd2e9f7a43747ff7f1c36d52721152f8c5043336557b162774e8b623941b5386186fb7dbbee4595faa0ceb1252fc388b9ff1951ff8fef5d500c73fc69329ea0029fb5fe8f8fb0147d3f731e37107313a20d6151186430bd31697319357493f951cbf2e96bd97ea411836c52f2e2f9ef49a6fc5074e01f2188dd0f8d4f62a5072f7351f22cf10958179261c74495238aa728df599c43acd819326b496d6a554065484f655bc585228409d8e7e1e6630e80fec14ace79ed7ba5e2a9982d68d9459bb5ef95f2090456df5e9490d69654852580d4655d0422d78df78a880505999895252c5b68d8cb8569644ff6928dd62e5bf5d5754d9b66cb10da34e294bf8679bb746debaac22f409799cd40f1934cb94142c510d510c2697b44d38b27736752e8db657cbf7eddda2427c63948298929d2b62cf05b02c4fa4caa5a47322f60564f21b52c336f05489d434c6b8ddd230cedef648ab673e8947523bfe361ec50b7bec22dc3a88bb169e4ca52c74f31d339229c21b1f3af12a389ad8499e1544c031b5896ca2e73226057010e6dff9ec69ce891639295ba2f9bba359053cbfa96a7f45d94589b3791df96d059a868fb212d4fe9bd6ee1bebf62e4243fbd9326af26602c8cb9ddba6ddc72775f852dea17f7c6940c7d67313dd2b812f9f89bbbf504b0304140000000800776ea358714d6c8d15020000210500002800000069626d2d6d697469676174696f6e2f67726f6f76792d7265706c6163656d656e742e67726f6f76797d94c16edb300c86ef01f20e824f769b2adbb5e90eeda1c006141830a097a130649b75d4589223535983a1ef3e4a761cb949e68b2df2d32f52fa65a95a6391d5d698dd9ebf7546f3abf94cf651636b5e0ae5742578d12a0eba961a7805af52140df09d681cf047d9c0b3ff9acf28c3b6ad63df18bc43e950925c0df82c6c989026944cb2550fa2d980fe0fea8446a7f280e5b250db7166699cc6eef2d43e3fe24abcdfd77019eff323ae8dec2057a682e6f29c003d7926c9e6b3a17357c850d6ef17b6f2c1576359aa4074ce82028d4ceaa1f68cfd9dcf183d6141ea729cfb65754c34b2c33c52ed33419581178bb54749ff4c24816f60cf1b3a3d5ca7d9112a2c88cdb0dc47a42d7da5a1147add455a34bebecea265a202b9a8aa545e7dcda6825132823df4e177a8b5b458a3d3217cd8c9d242453d49d184c66f5f888f62bc759826c118c9a2f751768e58bb82f20979e7a637cf0941be77ad674c4b5ad919a2b5e60d4af48c12529f9771b6f1c01ab1ed6e974be170cd07ffde9446112375cda90e4ea3a5686590e97bb5b075d0e1d8e730ee8507272f0eb6f9945612652dbc3b7305b836556857efc076144b3ee3a5ca6b88d10e05dd6d5b9d90fe9e2efc553e9138b6eeab3a8e4e14c2897a91c3d14ed2b4ad3b5981f5557c7f783a2920ba848444a3e09101ed90ec53d3ce69f8c37ed0bfebc1c98644d3219f71343f2d20ee7f05d29bffe0b8894416f61d9dd56c12a7f03f504b0304140000000800347ca3580638fb75d5040000000e00001f00000069626d2d6d697469676174696f6e2f7265706c6163656d656e742e62706d6ead57df6fdb380c7e2fd0ff41d0c321591b3bc9d67648970e6bd3013d5cd6dcdadbcb6108149b73b4da922bc94d83c3fef7a3fc534ed2a2bb5b1f1a4bfcf889a4489a7ef7fe3189c90328cda518d381d7a7044420432ea231fdebf663ef2d7d7fb6bff76e91266214c2372eb841a826a827f4c86e8fe9d29874e4fbabd5ca9349e44915f93a85c03f9f4d3ff9c3fea0df3f1abef1a7d793cb3fa8a318f297aa4eae2abd30785a673271342e2a8d8025990859ad56ae0bb5600909f3d16ddf1a44090fc774d27839ef2f4e783cd49418a622309f58023a6501d46c56cde3b2622a58e03195ca801ad33f3326ccf4924c650831a846f4a50af91befc8ebf7048f96265e7bc3fe70d83f1e9e508c392145d4532503d03ab76d563ccffbaf4dc407afd1607df9084166d82246a38ccaa050ad9435a8071ec02dd37739c14db39e0fc2e3f8989f5022d0ad319da2cf1133403e030b6566c8a55252e98aaf62844703c2da7e194302c2e85a8e8832b8a3400a018191ca113a622ed2cc5c6706ffb7009b901953681a86ab34119f9732a467b3eb9bdb77fe6ee84f112ed155707ddc524b58ba2574c41800b52677b01ed30f4100a9a1672c4d631e309b40fe772d4563680e7e21db85141867d3bb5da7f0f39c8d7cdbfe5f12b84cc5f4acac01b079d24b8af4410b7b65d28d8efa27035f41e2ff922353b68e250b9fb92b1d289e1a52fc7c942a61664c2325e5c3da6af1c4d61e29363c1b46efd5fe1e3635729f66648cb5692b091df0b0d4bf30c56d5175280a69f7b4001a7907e219a82df72c99e7b0395f24f7b5662033ac95a7550b790d4fd8e387089e8617f21a2e24d7304f6c97795a2707e59d8876f7f74acfb305cfcdfafb2b39b59bdfa4229d0498ce545ede848bd2f62ef9a7887c7e207a59ebf64f1b41ccb5993bac8524672560c95cee9ad2feb528c1c32af06210915976ba0d68a180dd95c7fd70b8b9b53437057f7e8bcda943875b07075de724c7468f856187bf1a74db9c8ed0015bd00f1ba454e179b1e894db5530030521bac5599cfb3efa8a7867cfc3a4eed03c37e861914add5d8865b64039c5f4e915f9b385c014ce528b912972757720f0a5f11d1bb0c5248c8bdd34b6881160cb58631db3cc2cbd32857b814c10836380877678b8f259ca739ac25705f7196853fb59ae0be232990fabccd91037ad625e7674ebae28c710ba090f9279042e541b86e5aec22da42dd5435bcd5b148debd6aa66b5c590dfa825a9aeb625c6b03e707c63582baecea75b06387588106795e74809d506d327c2c8095891dfb10d9d673c46d24e29ef7a46ce1418b3bec99136ffab8c6b5174f3b89b4c09d2dacf2fa9e9b9453ffc9f6f0199bfadb75ec8e5cc105e1437fe9f7b735bab48309d628cea49a2ddcbac1407b4a203b6954b451b5cb7d5db40dfc4994a415dc44c6b1e74ba5eca94865b1c693a56abbb4955459d7e2e8f232b6e96a4f67a5ee4f7885072909f8b3757ddd92ec3caabd2e996ecc5b7b5710fedf9aa7da73b06aced01ed2acc5fe3bd7aa32171310dc90e793321facf8e88a5d899498b31d777e7dc66f20df9c87e064c388bd0db7c7c75d6f3416bd22dc1b39809a8a1f90a81c4224a63b687e8f6805b12dd2c590a4f8dccf3906f70ee9aabdda085c1e81c7325c40f27fccc3ac6cf2c9cf1dee2cf8a8766895b7d7c5e82fd0c28f6fd8da0ba66b5c2e93aee84b31dbc33db0f36bfe170f35f504b01021400140000000800825d6f58ab06e96f2c020000610400001c000000000000000100200000000000000069626d2d6d697469676174696f6e2f6465746563746f722e62706d6e504b01021400140000000800776ea358714d6c8d150200002105000028000000000000000100200000006602000069626d2d6d697469676174696f6e2f67726f6f76792d7265706c6163656d656e742e67726f6f7679504b01021400140000000800347ca3580638fb75d5040000000e00001f00000000000000010020000000c104000069626d2d6d697469676174696f6e2f7265706c6163656d656e742e62706d6e504b05060000000003000300ed000000d30900000000', '4dc9b29d-9e71-4d6a-9dc5-9af8e8ff2746');
INSERT INTO public.file_data (id, data, file_id) VALUES ('25406198-c1f3-48b5-b55f-f8a16cc86bcf', '\x504b0304140000000800835d6f583a77e11ef401000010040000180000007761726d2d73746172742f6465746563746f722e62706d6e8d53c16edb300cbd0fd83f083a0e8be574e9901a758b76ce80014d9722e9760c148bb38559922bc94bfaf7a5ecc471320cd8c924c547bff7085edfee5445fe8075d2e8948ea39812d0b9115217297d5e7d1d4de9edcdfb77d79b5ae944c02fa9a5c7564710a75d12ca292dbdaf13c6b6db6d645411195b305743ceee17f34776118fe3f8f262c2e6dfb3d9031d0085fc5f68f6ed8013f9bf315936407c39205e1aaebd820ee61057485f369b28378a3d2f57a3a7e64e7bf9c09e42df7c366abf8d9a0406944891d2ec287b3db6e6f5aa9c52e2b92dc03f7205aee639f4ac82b0481ae6f212146f53b474571bebc1a674ff173237022ab0c7a71f871d4ca2096e013d27a473bdb62607e75a2a8b2e5ec79f606caa1df273b31de48de79b0a3978db400745f05e78f2935bb544ba1e77bae2ee773b2804ebb8bedc087b45c976d032075f1aec6825f30acb1efa11b3a200fb91ecdf16dca27e24bfb08076d64823b844c94be7e15d55188b6eab947ea024afb87332e7d569d9420dbe73b7cb4da3058810b3ce0536b4e1688c9049d851267981345a55837c3dee8d18342f2aaea16f6d336c24a163568102edfff6783fe674d0b2e47537e8dcdeb3692746f7a37098c893fb20154f090fef331ede6b4aa7f8d94ae14b2cc51897208bd277757624c2ce991ca4b273ad03074ffd0a47cdceaffae60d504b0304140000000800c96c995814e5002f3b050000aa1000001b0000007761726d2d73746172742f7265706c6163656d656e742e62706d6ed558dd531b37107f6786ff41d54bec29beb39d045227260398cca453125a68fa10321e71276c059d749574604f26ff7b57d27de80e43489b97f260fbb41ffaed6f77a55b5ebd5e651cdd50a59914533c8a86185191c89489c514ff79fe66f002bfdedfde7a7599676292d22b269801558dc04ee8895d9ee2a531f9248e6f6f6f23992d22a916b1ce69121f9e9ebc8bc7c3d170f87cfc2c3e793f3bfe0d0786297bace9ec6d659726f7dbcc6681c551659190ac1029a9cdca676f962c694662083bb6803062e914cf9a28e7c3cb3dc6c71a2343d4829a7724a33a2709adbd59b388c9ca93f74257b95486aa29febd20c29c1ca31399524e5523fa5051fe2c7a1e0d07822d9686afa3f1703c1eee8e5f60e01c21cf7aae6442b576d84efdeff9f0a959b0d15300ac8f5734290cb9e400caa8827ad3ca585375c3127a4ef4b57370d63ccf47e92edf65bf602420ac29fe8ba86c7006811ae46017193ae00ba99859661895b44d885e8be4e0ca45e7b6ab257495f042b31b707545b8ae815450e8ca5061833ee634a3c2e85a0e1a9593440a41132355200cc44ce485795f18f86c2974554e8982980064191bfc5eca14ef9fbe3f3b7f156f56fd2e874b4a524821ee18056619c9ef08033110a0d6e89aaea7f82049686ef03ec973ce12622b2ffeaca568803ae5477a3b9202783683f3754ebfdf6723bf8bff871057288ef7ab0eb615a76dc5c17133284b75f27cb8b717bb0e241ccad1d013b23a2acc0fd93d276b2e49fa40da74a2586e90ff7a235546cc142f9494376bbccf32dbbdc83f4696cfe857f8382c18876ad8deca1513868b1ef66d643baa0a0ff75f6e6fc1018ac0a1622b3485a3c0362e24268293e50351ccf6700f93f4f389537116db5bec0af54a1b26c09b48a8bc4267b020167df4c507526ffc074d28b4605a6d03aa060a0169a73f4118fd5c8aac776b5ae3f13fa254c9bc37ea47865cd372e38853b130cb5e7f306e5bd5468ae61c8ec503ce7bf8e242e31d8cfb9186d233f6f9d3cec5c5475c993624d11cd2636ab021bac8481f62afef69b09682dece6bb81f3ff9c52ba9508f7220a70aec4b935c4b78522805c53e274a91b5e59d77e07ef470db8b9fdc62e3a9467de4dd21e7ce436eedd0415ed95bec2077c05fb6018a22bb84b304446d47257f3b38f453e378e7ad3c82d2c546d6ec9f23c92b59a24af590a9006394177a596a83c7992c6c61b6a2f9da0eaccc99b7f34e2aedaf158c3a718d41b7207cdd23626f1704b5a13b25bb81daa689f4e626da09cadd61b18c2bfa7741b5b1c998d86c94cf1000f0bd50245fb6ec6c0bded3ad09275ac301cb9babb28f7e82200bce2b7a5bde3718ecdc77146c725ec6f10024a8636afcfbcb37b0849af78268b97bc4ee128e519a7e6be752ebfe5d2b37e58ea5b53fc67c11a1e0e8ed957238b6e4a9a2c6acab42690ee5968bbecbba299440adf597cd35e3af80ff78074af7aed2bd866ef5212b37fcb757912f639ddb53a37a67ea264ee790348a7dac4ed5d2d6bdbdce78a172a0b01fd996a3e7f09ed6b3ea017570ad785fc848c8985124312808c237a935eab468a033f57280d87b72592d3e0936097483ec04ab8fcf4d87f5ef4dce07c20bfa7f4e8c0be081a4387998901bbbd04e86d36925c2adfc982474da68c31bfddd89e06deade1b07f542e324d4699c6c90372349fce04c528a83e9c90f6471389135335aca2676609d31029747e606ade0793e6acd64a5f2292782d6aaee091491d528c1dc1df7da1355e9e86c49727acf70b7374f59c7e7a60930242d4d2687f6f085117f8a47bb438c60a878015fb72c354b581ac2ef25b503ab5f8f3ba486b05a7486810774b6c90341c972f0df0658fc07504b01021400140000000800835d6f583a77e11ef4010000100400001800000000000000010020000000000000007761726d2d73746172742f6465746563746f722e62706d6e504b01021400140000000800c96c995814e5002f3b050000aa1000001b000000000000000100200000002a0200007761726d2d73746172742f7265706c6163656d656e742e62706d6e504b050600000000020002008f0000009e0700000000', 'aec24380-8ee8-4fee-9dd4-ab28cfbfca0b');
INSERT INTO public.file_data (id, data, file_id) VALUES ('800e570f-a4f9-41c9-abb0-ec7c279f7b77', '\x3c3f786d6c2076657273696f6e3d22312e302220656e636f64696e673d225554462d38223f3e0a3c62706d6e3a646566696e6974696f6e7320786d6c6e733a62706d6e3d22687474703a2f2f7777772e6f6d672e6f72672f737065632f42504d4e2f32303130303532342f4d4f44454c2220786d6c6e733a62706d6e64693d22687474703a2f2f7777772e6f6d672e6f72672f737065632f42504d4e2f32303130303532342f44492220786d6c6e733a64633d22687474703a2f2f7777772e6f6d672e6f72672f737065632f44442f32303130303532342f44432220786d6c6e733a7175616e746d653d2268747470733a2f2f6769746875622e636f6d2f5553542d5175416e74694c2f5175616e744d452d5175616e74756d3442504d4e2220786d6c6e733a64693d22687474703a2f2f7777772e6f6d672e6f72672f737065632f44442f32303130303532342f44492220786d6c6e733a7873693d22687474703a2f2f7777772e77332e6f72672f323030312f584d4c536368656d612d696e7374616e63652220786d6c6e733a63616d756e64613d22687474703a2f2f63616d756e64612e6f72672f736368656d612f312e302f62706d6e222069643d22446566696e6974696f6e735f30777a6b63306222207461726765744e616d6573706163653d22687474703a2f2f62706d6e2e696f2f736368656d612f62706d6e22206578706f727465723d225175616e744d45204d6f64656c657222206578706f7274657256657273696f6e3d22342e352e302d6e696768746c792e3230323330313236223e0a20203c62706d6e3a70726f636573732069643d2250726f636573735f3037306d3570312220697345786563757461626c653d2274727565223e0a202020203c62706d6e3a656e644576656e742069643d22456e644576656e745f30706a71376672223e0a2020202020203c62706d6e3a696e636f6d696e673e53657175656e6365466c6f775f313334677967613c2f62706d6e3a696e636f6d696e673e0a202020203c2f62706d6e3a656e644576656e743e0a202020203c62706d6e3a73746172744576656e742069643d2253746172744576656e745f30656a366c7762223e0a2020202020203c62706d6e3a657874656e73696f6e456c656d656e74733e0a20202020202020203c63616d756e64613a666f726d446174613e0a202020202020202020203c63616d756e64613a666f726d4669656c642069643d2261646a4d617472697822206c6162656c3d22417272617920636f6e7461696e696e672061646a5f6d61747269782220747970653d22737472696e67222064656661756c7456616c75653d225b5b302c322c315d2c5b332c302c315d2c5b312c322c305d5d22202f3e0a202020202020202020203c63616d756e64613a666f726d4669656c642069643d22746f6b656e22206c6162656c3d2249424d5120546f6b656e2220747970653d22737472696e6722202f3e0a202020202020202020203c63616d756e64613a666f726d4669656c642069643d2268756222206c6162656c3d2249424d51204875622220747970653d22737472696e67222064656661756c7456616c75653d2269626d2d7122202f3e0a202020202020202020203c63616d756e64613a666f726d4669656c642069643d2267726f757022206c6162656c3d2249424d512047726f75702220747970653d22737472696e67222064656661756c7456616c75653d226f70656e22202f3e0a202020202020202020203c63616d756e64613a666f726d4669656c642069643d2270726f6a65637422206c6162656c3d2249424d512050726f6a6563742220747970653d22737472696e67222064656661756c7456616c75653d226d61696e22202f3e0a202020202020202020203c63616d756e64613a666f726d4669656c642069643d2269626d7155726c22206c6162656c3d2249424d512055524c2220747970653d22737472696e67222064656661756c7456616c75653d2268747470733a2f2f617574682e7175616e74756d2d636f6d707574696e672e69626d2e636f6d2f61706922202f3e0a202020202020202020203c63616d756e64613a666f726d4669656c642069643d2271707522206c6162656c3d2249424d51204261636b656e64206e616d652220747970653d22737472696e67222064656661756c7456616c75653d2273696d756c61746f7222202f3e0a202020202020202020203c63616d756e64613a666f726d4669656c642069643d226e6f6973654d6f64656c22206c6162656c3d224e6f697365204d6f64656c2220747970653d22737472696e6722202f3e0a202020202020202020203c63616d756e64613a666f726d4669656c642069643d226f6e6c794d6561737572656d656e744572726f727322206c6162656c3d224e6f697365204d6f64656c20636f6e7461696e73206f6e6c79206d6561737572656d656e74206572726f72732220747970653d22626f6f6c65616e22202f3e0a202020202020202020203c63616d756e64613a666f726d4669656c642069643d2267616d6d617322206c6162656c3d2267616d6d61732220747970653d22737472696e67222064656661756c7456616c75653d225b315d22202f3e0a202020202020202020203c63616d756e64613a666f726d4669656c642069643d22626574617322206c6162656c3d2262657461732220747970653d22737472696e67222064656661756c7456616c75653d225b315d22202f3e0a202020202020202020203c63616d756e64613a666f726d4669656c642069643d227022206c6162656c3d22702220747970653d22737472696e67222064656661756c7456616c75653d223122202f3e0a20202020202020203c2f63616d756e64613a666f726d446174613e0a2020202020203c2f62706d6e3a657874656e73696f6e456c656d656e74733e0a2020202020203c62706d6e3a6f7574676f696e673e53657175656e6365466c6f775f3131343630306c3c2f62706d6e3a6f7574676f696e673e0a202020203c2f62706d6e3a73746172744576656e743e0a202020203c62706d6e3a73657175656e6365466c6f772069643d2253657175656e6365466c6f775f3131343630306c2220736f757263655265663d2253746172744576656e745f30656a366c776222207461726765745265663d225461736b5f3030396873726b22202f3e0a202020203c7175616e746d653a7175616e74756d436972637569744c6f6164696e675461736b2069643d225461736b5f3030396873726b22206e616d653d2247656e65726174652051414f412043697263756974222075726c3d2271756f6b6b612f6d6178637574223e0a2020202020203c62706d6e3a696e636f6d696e673e53657175656e6365466c6f775f3131343630306c3c2f62706d6e3a696e636f6d696e673e0a2020202020203c62706d6e3a6f7574676f696e673e466c6f775f31716d7a74746c3c2f62706d6e3a6f7574676f696e673e0a202020203c2f7175616e746d653a7175616e74756d436972637569744c6f6164696e675461736b3e0a202020203c62706d6e3a73657175656e6365466c6f772069643d2253657175656e6365466c6f775f313334677967612220736f757263655265663d225461736b5f3168383864646622207461726765745265663d22456e644576656e745f30706a7137667222202f3e0a202020203c62706d6e3a757365725461736b2069643d225461736b5f3168383864646622206e616d653d22416e616c797a6520526573756c7473223e0a2020202020203c62706d6e3a657874656e73696f6e456c656d656e74733e0a20202020202020203c63616d756e64613a666f726d446174613e0a202020202020202020203c63616d756e64613a666f726d4669656c642069643d22706c6f7455726c22206c6162656c3d22526573756c7420496d6167652055524c2220747970653d22737472696e67223e0a2020202020202020202020203c63616d756e64613a70726f706572746965733e0a20202020202020202020202020203c63616d756e64613a70726f70657274792069643d2250726f70657274795f3339706764343222202f3e0a2020202020202020202020203c2f63616d756e64613a70726f706572746965733e0a2020202020202020202020203c63616d756e64613a76616c69646174696f6e3e0a20202020202020202020202020203c63616d756e64613a636f6e73747261696e74206e616d653d22726561646f6e6c7922202f3e0a2020202020202020202020203c2f63616d756e64613a76616c69646174696f6e3e0a202020202020202020203c2f63616d756e64613a666f726d4669656c643e0a20202020202020203c2f63616d756e64613a666f726d446174613e0a2020202020203c2f62706d6e3a657874656e73696f6e456c656d656e74733e0a2020202020203c62706d6e3a696e636f6d696e673e466c6f775f306239377661793c2f62706d6e3a696e636f6d696e673e0a2020202020203c62706d6e3a6f7574676f696e673e53657175656e6365466c6f775f313334677967613c2f62706d6e3a6f7574676f696e673e0a202020203c2f62706d6e3a757365725461736b3e0a202020203c62706d6e3a73756250726f636573732069643d2241637469766974795f3036656e777571223e0a2020202020203c62706d6e3a696e636f6d696e673e466c6f775f31716d7a74746c3c2f62706d6e3a696e636f6d696e673e0a2020202020203c62706d6e3a6f7574676f696e673e466c6f775f306239377661793c2f62706d6e3a6f7574676f696e673e0a2020202020203c62706d6e3a656e644576656e742069643d22456e644576656e745f3164757a733377223e0a20202020202020203c62706d6e3a696e636f6d696e673e53657175656e6365466c6f775f31346c6d636a643c2f62706d6e3a696e636f6d696e673e0a2020202020203c2f62706d6e3a656e644576656e743e0a2020202020203c62706d6e3a73746172744576656e742069643d2253746172744576656e745f31223e0a20202020202020203c62706d6e3a6f7574676f696e673e53657175656e6365466c6f775f30713534696c6b3c2f62706d6e3a6f7574676f696e673e0a2020202020203c2f62706d6e3a73746172744576656e743e0a2020202020203c7175616e746d653a7175616e74756d43697263756974457865637574696f6e5461736b2069643d225461736b5f3169356a62736722206e616d653d22457865637574652051414f412043697263756974222070726f76696465723d2269626d22207170753d226165725f7161736d5f73696d756c61746f72222073686f74733d2232303030222070726f6772616d6d696e674c616e67756167653d226f70656e7161736d223e0a20202020202020203c62706d6e3a696e636f6d696e673e53657175656e6365466c6f775f3167346e7966713c2f62706d6e3a696e636f6d696e673e0a20202020202020203c62706d6e3a6f7574676f696e673e53657175656e6365466c6f775f307276616839783c2f62706d6e3a6f7574676f696e673e0a2020202020203c2f7175616e746d653a7175616e74756d43697263756974457865637574696f6e5461736b3e0a2020202020203c62706d6e3a6578636c7573697665476174657761792069643d224578636c7573697665476174657761795f31786e6865707222206e616d653d22436f6e7665726765643f223e0a20202020202020203c62706d6e3a696e636f6d696e673e53657175656e6365466c6f775f303364307a6c623c2f62706d6e3a696e636f6d696e673e0a20202020202020203c62706d6e3a6f7574676f696e673e53657175656e6365466c6f775f31346c6d636a643c2f62706d6e3a6f7574676f696e673e0a20202020202020203c62706d6e3a6f7574676f696e673e53657175656e6365466c6f775f3132336d6265393c2f62706d6e3a6f7574676f696e673e0a2020202020203c2f62706d6e3a6578636c7573697665476174657761793e0a2020202020203c7175616e746d653a726573756c744576616c756174696f6e5461736b2069643d225461736b5f303030787a663922206e616d653d224576616c7561746520526573756c747322206f626a65637469766546756e6374696f6e3d226578706563746174696f6e56616c75652220636f737446756e6374696f6e3d226d6178637574223e0a20202020202020203c62706d6e3a696e636f6d696e673e53657175656e6365466c6f775f307276616839783c2f62706d6e3a696e636f6d696e673e0a20202020202020203c62706d6e3a6f7574676f696e673e53657175656e6365466c6f775f303364307a6c623c2f62706d6e3a6f7574676f696e673e0a2020202020203c2f7175616e746d653a726573756c744576616c756174696f6e5461736b3e0a2020202020203c7175616e746d653a706172616d657465724f7074696d697a6174696f6e5461736b2069643d225461736b5f303078636f6b6c22206e616d653d224f7074696d697a652051414f4120506172616d657465727322206f7074696d697a65723d22636f62796c61223e0a20202020202020203c62706d6e3a696e636f6d696e673e53657175656e6365466c6f775f3132336d6265393c2f62706d6e3a696e636f6d696e673e0a20202020202020203c62706d6e3a6f7574676f696e673e53657175656e6365466c6f775f307767677167663c2f62706d6e3a6f7574676f696e673e0a2020202020203c2f7175616e746d653a706172616d657465724f7074696d697a6174696f6e5461736b3e0a2020202020203c62706d6e3a6578636c7573697665476174657761792069643d224578636c7573697665476174657761795f306c6f3432656e223e0a20202020202020203c62706d6e3a696e636f6d696e673e53657175656e6365466c6f775f30713534696c6b3c2f62706d6e3a696e636f6d696e673e0a20202020202020203c62706d6e3a696e636f6d696e673e53657175656e6365466c6f775f307767677167663c2f62706d6e3a696e636f6d696e673e0a20202020202020203c62706d6e3a6f7574676f696e673e53657175656e6365466c6f775f3167346e7966713c2f62706d6e3a6f7574676f696e673e0a2020202020203c2f62706d6e3a6578636c7573697665476174657761793e0a2020202020203c62706d6e3a73657175656e6365466c6f772069643d2253657175656e6365466c6f775f31346c6d636a6422206e616d653d225965732220736f757263655265663d224578636c7573697665476174657761795f31786e6865707222207461726765745265663d22456e644576656e745f3164757a733377223e0a20202020202020203c62706d6e3a636f6e646974696f6e45787072657373696f6e207873693a747970653d2262706d6e3a74466f726d616c45787072657373696f6e223e247b20657865637574696f6e2e6765745661726961626c652827636f6e7665726765642729213d206e756c6c2026616d703b26616d703b20657865637574696f6e2e6765745661726961626c652827636f6e7665726765642729203d3d202774727565277d3c2f62706d6e3a636f6e646974696f6e45787072657373696f6e3e0a2020202020203c2f62706d6e3a73657175656e6365466c6f773e0a2020202020203c62706d6e3a73657175656e6365466c6f772069643d2253657175656e6365466c6f775f30713534696c6b2220736f757263655265663d2253746172744576656e745f3122207461726765745265663d224578636c7573697665476174657761795f306c6f3432656e22202f3e0a2020202020203c62706d6e3a73657175656e6365466c6f772069643d2253657175656e6365466c6f775f3167346e7966712220736f757263655265663d224578636c7573697665476174657761795f306c6f3432656e22207461726765745265663d225461736b5f3169356a62736722202f3e0a2020202020203c62706d6e3a73657175656e6365466c6f772069643d2253657175656e6365466c6f775f307276616839782220736f757263655265663d225461736b5f3169356a62736722207461726765745265663d225461736b5f303030787a663922202f3e0a2020202020203c62706d6e3a73657175656e6365466c6f772069643d2253657175656e6365466c6f775f303364307a6c622220736f757263655265663d225461736b5f303030787a663922207461726765745265663d224578636c7573697665476174657761795f31786e6865707222202f3e0a2020202020203c62706d6e3a73657175656e6365466c6f772069643d2253657175656e6365466c6f775f3132336d62653922206e616d653d224e6f2220736f757263655265663d224578636c7573697665476174657761795f31786e6865707222207461726765745265663d225461736b5f303078636f6b6c223e0a20202020202020203c62706d6e3a636f6e646974696f6e45787072657373696f6e207873693a747970653d2262706d6e3a74466f726d616c45787072657373696f6e223e247b20657865637574696f6e2e6765745661726961626c652827636f6e76657267656427293d3d206e756c6c207c7c20657865637574696f6e2e6765745661726961626c652827636f6e7665726765642729203d3d202766616c7365277d3c2f62706d6e3a636f6e646974696f6e45787072657373696f6e3e0a2020202020203c2f62706d6e3a73657175656e6365466c6f773e0a2020202020203c62706d6e3a73657175656e6365466c6f772069643d2253657175656e6365466c6f775f307767677167662220736f757263655265663d225461736b5f303078636f6b6c22207461726765745265663d224578636c7573697665476174657761795f306c6f3432656e22202f3e0a202020203c2f62706d6e3a73756250726f636573733e0a202020203c62706d6e3a73657175656e6365466c6f772069643d22466c6f775f31716d7a74746c2220736f757263655265663d225461736b5f3030396873726b22207461726765745265663d2241637469766974795f3036656e77757122202f3e0a202020203c62706d6e3a73657175656e6365466c6f772069643d22466c6f775f306239377661792220736f757263655265663d2241637469766974795f3036656e77757122207461726765745265663d225461736b5f3168383864646622202f3e0a20203c2f62706d6e3a70726f636573733e0a20203c62706d6e64693a42504d4e4469616772616d2069643d2242504d4e4469616772616d5f31223e0a202020203c62706d6e64693a42504d4e506c616e652069643d2242504d4e506c616e655f31222062706d6e456c656d656e743d2250726f636573735f3037306d357031223e0a2020202020203c62706d6e64693a42504d4e53686170652069643d22456e644576656e745f30706a713766725f6469222062706d6e456c656d656e743d22456e644576656e745f30706a71376672223e0a20202020202020203c64633a426f756e647320783d22313235322220793d22323037222077696474683d22333622206865696768743d22333622202f3e0a2020202020203c2f62706d6e64693a42504d4e53686170653e0a2020202020203c62706d6e64693a42504d4e53686170652069643d2253746172744576656e745f30656a366c77625f6469222062706d6e456c656d656e743d2253746172744576656e745f30656a366c7762223e0a20202020202020203c64633a426f756e647320783d223135322220793d22323037222077696474683d22333622206865696768743d22333622202f3e0a2020202020203c2f62706d6e64693a42504d4e53686170653e0a2020202020203c62706d6e64693a42504d4e53686170652069643d225175616e74756d436972637569744c6f6164696e675461736b5f31706d797939615f6469222062706d6e456c656d656e743d225461736b5f3030396873726b223e0a20202020202020203c64633a426f756e647320783d223236302220793d22313835222077696474683d2231303022206865696768743d22383022202f3e0a2020202020203c2f62706d6e64693a42504d4e53686170653e0a2020202020203c62706d6e64693a42504d4e53686170652069643d22557365725461736b5f303661777865395f6469222062706d6e456c656d656e743d225461736b5f31683838646466223e0a20202020202020203c64633a426f756e647320783d22313038302220793d22313835222077696474683d2231303022206865696768743d22383022202f3e0a2020202020203c2f62706d6e64693a42504d4e53686170653e0a2020202020203c62706d6e64693a42504d4e53686170652069643d2241637469766974795f3036656e7775715f6469222062706d6e456c656d656e743d2241637469766974795f3036656e77757122206973457870616e6465643d2274727565223e0a20202020202020203c64633a426f756e647320783d223433302220793d223730222077696474683d2235383022206865696768743d2232363022202f3e0a2020202020203c2f62706d6e64693a42504d4e53686170653e0a2020202020203c62706d6e64693a42504d4e53686170652069643d22456e644576656e745f3164757a7333775f6469222062706d6e456c656d656e743d22456e644576656e745f3164757a733377223e0a20202020202020203c64633a426f756e647320783d223935322220793d22323532222077696474683d22333622206865696768743d22333622202f3e0a2020202020203c2f62706d6e64693a42504d4e53686170653e0a2020202020203c62706d6e64693a42504d4e53686170652069643d225f42504d4e53686170655f53746172744576656e745f32222062706d6e456c656d656e743d2253746172744576656e745f31223e0a20202020202020203c64633a426f756e647320783d223435322220793d22323532222077696474683d22333622206865696768743d22333622202f3e0a2020202020203c2f62706d6e64693a42504d4e53686170653e0a2020202020203c62706d6e64693a42504d4e53686170652069643d225175616e74756d43697263756974457865637574696f6e5461736b5f3067616e7876705f6469222062706d6e456c656d656e743d225461736b5f3169356a627367223e0a20202020202020203c64633a426f756e647320783d223538302220793d22323330222077696474683d2231303022206865696768743d22383022202f3e0a2020202020203c2f62706d6e64693a42504d4e53686170653e0a2020202020203c62706d6e64693a42504d4e53686170652069643d224578636c7573697665476174657761795f31786e686570725f6469222062706d6e456c656d656e743d224578636c7573697665476174657761795f31786e68657072222069734d61726b657256697369626c653d2274727565223e0a20202020202020203c64633a426f756e647320783d223836352220793d22323435222077696474683d22353022206865696768743d22353022202f3e0a20202020202020203c62706d6e64693a42504d4e4c6162656c3e0a202020202020202020203c64633a426f756e647320783d223836302220793d22333032222077696474683d22363122206865696768743d22313422202f3e0a20202020202020203c2f62706d6e64693a42504d4e4c6162656c3e0a2020202020203c2f62706d6e64693a42504d4e53686170653e0a2020202020203c62706d6e64693a42504d4e53686170652069643d22526573756c744576616c756174696f6e5461736b5f316a6f31377a365f6469222062706d6e456c656d656e743d225461736b5f303030787a6639223e0a20202020202020203c64633a426f756e647320783d223732302220793d22323330222077696474683d2231303022206865696768743d22383022202f3e0a2020202020203c2f62706d6e64693a42504d4e53686170653e0a2020202020203c62706d6e64693a42504d4e53686170652069643d22506172616d657465724f7074696d697a6174696f6e5461736b5f313732317869645f6469222062706d6e456c656d656e743d225461736b5f303078636f6b6c223e0a20202020202020203c64633a426f756e647320783d223633302220793d223930222077696474683d2231303022206865696768743d22383022202f3e0a2020202020203c2f62706d6e64693a42504d4e53686170653e0a2020202020203c62706d6e64693a42504d4e53686170652069643d224578636c7573697665476174657761795f306c6f3432656e5f6469222062706d6e456c656d656e743d224578636c7573697665476174657761795f306c6f3432656e222069734d61726b657256697369626c653d2274727565223e0a20202020202020203c64633a426f756e647320783d223530352220793d22323435222077696474683d22353022206865696768743d22353022202f3e0a2020202020203c2f62706d6e64693a42504d4e53686170653e0a2020202020203c62706d6e64693a42504d4e456467652069643d2253657175656e6365466c6f775f31346c6d636a645f6469222062706d6e456c656d656e743d2253657175656e6365466c6f775f31346c6d636a64223e0a20202020202020203c64693a776179706f696e7420783d223931352220793d2232373022202f3e0a20202020202020203c64693a776179706f696e7420783d223935322220793d2232373022202f3e0a20202020202020203c62706d6e64693a42504d4e4c6162656c3e0a202020202020202020203c64633a426f756e647320783d223932352220793d22323532222077696474683d22313822206865696768743d22313422202f3e0a20202020202020203c2f62706d6e64693a42504d4e4c6162656c3e0a2020202020203c2f62706d6e64693a42504d4e456467653e0a2020202020203c62706d6e64693a42504d4e456467652069643d2253657175656e6365466c6f775f30713534696c6b5f6469222062706d6e456c656d656e743d2253657175656e6365466c6f775f30713534696c6b223e0a20202020202020203c64693a776179706f696e7420783d223438382220793d2232373022202f3e0a20202020202020203c64693a776179706f696e7420783d223530352220793d2232373022202f3e0a2020202020203c2f62706d6e64693a42504d4e456467653e0a2020202020203c62706d6e64693a42504d4e456467652069643d2253657175656e6365466c6f775f3167346e7966715f6469222062706d6e456c656d656e743d2253657175656e6365466c6f775f3167346e796671223e0a20202020202020203c64693a776179706f696e7420783d223535352220793d2232373022202f3e0a20202020202020203c64693a776179706f696e7420783d223538302220793d2232373022202f3e0a2020202020203c2f62706d6e64693a42504d4e456467653e0a2020202020203c62706d6e64693a42504d4e456467652069643d2253657175656e6365466c6f775f307276616839785f6469222062706d6e456c656d656e743d2253657175656e6365466c6f775f30727661683978223e0a20202020202020203c64693a776179706f696e7420783d223638302220793d2232373022202f3e0a20202020202020203c64693a776179706f696e7420783d223732302220793d2232373022202f3e0a2020202020203c2f62706d6e64693a42504d4e456467653e0a2020202020203c62706d6e64693a42504d4e456467652069643d2253657175656e6365466c6f775f303364307a6c625f6469222062706d6e456c656d656e743d2253657175656e6365466c6f775f303364307a6c62223e0a20202020202020203c64693a776179706f696e7420783d223832302220793d2232373022202f3e0a20202020202020203c64693a776179706f696e7420783d223836352220793d2232373022202f3e0a2020202020203c2f62706d6e64693a42504d4e456467653e0a2020202020203c62706d6e64693a42504d4e456467652069643d2253657175656e6365466c6f775f3132336d6265395f6469222062706d6e456c656d656e743d2253657175656e6365466c6f775f3132336d626539223e0a20202020202020203c64693a776179706f696e7420783d223839302220793d2232343522202f3e0a20202020202020203c64693a776179706f696e7420783d223839302220793d2231333022202f3e0a20202020202020203c64693a776179706f696e7420783d223733302220793d2231333022202f3e0a20202020202020203c62706d6e64693a42504d4e4c6162656c3e0a202020202020202020203c64633a426f756e647320783d223839382220793d22313835222077696474683d22313522206865696768743d22313422202f3e0a20202020202020203c2f62706d6e64693a42504d4e4c6162656c3e0a2020202020203c2f62706d6e64693a42504d4e456467653e0a2020202020203c62706d6e64693a42504d4e456467652069643d2253657175656e6365466c6f775f307767677167665f6469222062706d6e456c656d656e743d2253657175656e6365466c6f775f30776767716766223e0a20202020202020203c64693a776179706f696e7420783d223633302220793d2231333022202f3e0a20202020202020203c64693a776179706f696e7420783d223533302220793d2231333022202f3e0a20202020202020203c64693a776179706f696e7420783d223533302220793d2232343522202f3e0a2020202020203c2f62706d6e64693a42504d4e456467653e0a2020202020203c62706d6e64693a42504d4e456467652069643d2253657175656e6365466c6f775f3131343630306c5f6469222062706d6e456c656d656e743d2253657175656e6365466c6f775f3131343630306c223e0a20202020202020203c64693a776179706f696e7420783d223138382220793d2232323522202f3e0a20202020202020203c64693a776179706f696e7420783d223236302220793d2232323522202f3e0a2020202020203c2f62706d6e64693a42504d4e456467653e0a2020202020203c62706d6e64693a42504d4e456467652069643d2253657175656e6365466c6f775f313334677967615f6469222062706d6e456c656d656e743d2253657175656e6365466c6f775f31333467796761223e0a20202020202020203c64693a776179706f696e7420783d22313138302220793d2232323522202f3e0a20202020202020203c64693a776179706f696e7420783d22313235322220793d2232323522202f3e0a2020202020203c2f62706d6e64693a42504d4e456467653e0a2020202020203c62706d6e64693a42504d4e456467652069643d22466c6f775f31716d7a74746c5f6469222062706d6e456c656d656e743d22466c6f775f31716d7a74746c223e0a20202020202020203c64693a776179706f696e7420783d223336302220793d2232323522202f3e0a20202020202020203c64693a776179706f696e7420783d223433302220793d2232323522202f3e0a2020202020203c2f62706d6e64693a42504d4e456467653e0a2020202020203c62706d6e64693a42504d4e456467652069643d22466c6f775f306239377661795f6469222062706d6e456c656d656e743d22466c6f775f30623937766179223e0a20202020202020203c64693a776179706f696e7420783d22313031302220793d2232323522202f3e0a20202020202020203c64693a776179706f696e7420783d22313038302220793d2232323522202f3e0a2020202020203c2f62706d6e64693a42504d4e456467653e0a202020203c2f62706d6e64693a42504d4e506c616e653e0a20203c2f62706d6e64693a42504d4e4469616772616d3e0a3c2f62706d6e3a646566696e6974696f6e733e0a', 'a8825f0c-f7e8-4238-8d21-ae1513285551');
INSERT INTO public.file_data (id, data, file_id) VALUES ('e35ae037-159a-4289-b830-3b816820f2f5', '\x504b0304140000000000c75eb7584a38345666070000660700001700000063757474696e672d636f6d62696e6174696f6e2e7a6970504b0304140000000800c66bb058932f7a96de010000c60300002100000063757474696e672d636f6d62696e6174696f6e2f6465746563746f722e62706d6e8d53516f9b30107e9fb4ff60f979c124225587caaa3564d2a4d2a56bba5764f005ac609bda66a4fdf53390041a69d39ef09dbfefeebbcfdccded4154e83768c3958cf0dcf33102992bc66511e1e7edb7d935befdf2f1c34d560b1932d871c9ad831ae478d2845d3ac2a5b5754848dbb69e1285a774414c0d39b9db240f64e1cf7d7fb90848f2235edfe30991f1ffa5c6df4f3c96ff9d13c713c6eac47869a8b402069a71bc82dbb2c9bc5c09f2fcb49d3d365fa5e5f7e4b1c325eb59ff6d44d029c088b308c7e3d8e9bce28dbff88c91a5ba00fb4005989ae67056d50de671454c5e82a07de82c3dd44a5bd0113e7641896250811eaf7e9dde20f002f70ace738406d76bad7230a697b219cea97f7813fe6be6f499f501f2c6d2ac721aac6e60a03af271f070d558eb9ef32798a6b22b25322e6937cc969a7d5fb43ba47e5617edaec2281fe009d852b9cbbd9bbc8b9155aacad4e1d30b377b6e3122834432d538aa663cec0c8c392d34157d9b499ccecf2a27e04d45259ca17de480a843ac2b1020edc4003d18702cf3bed05349eba1d0bf664ffda55e8af22d65fca2c970bb6b0309576307d783e5e19d6a2473bfbf5b962bb72caf11be769f96335bba94efce25f0a2b4439e8cfac8a5c09303e4d28289b1ef6dec16915c6ea24bfe01504b0304140000000800c66bb058bf0d82c950040000750c00002400000063757474696e672d636f6d62696e6174696f6e2f7265706c6163656d656e742e62706d6ead57db6edb38107d0f907f20f864636b49769a6de0c6299a3801bad8346ee3ed4b51180c45cb4c245225295fbae8bf7728515767b3e96e5f2c8973cee1cc70488e4fdf6c9318ad99d25c8a091e7a01464c501972114df05ff3abc1097e737678707a9726621cb22517dc005423e0093db6c313bc32261dfbfe66b3f16412795245be4e19f5cf67d7effd51300c82e3d14bfffa667af9276e1043fe5ceaf45dc90be93f73a6d306e3a264509264222415cd7d1734ba6209f1216cdf3a84110f27785a47b90882f54918261819a22266de9384e9945056a9599ac765a954a8b06d2a95616a823f644498eb4b742d431633559b3e95297fe91d7bc140f06865e29d370a46a3e168788c21e70815594f95a44cebdcb759f1be08962a5a455b70585f6e19cd0cb98bc129a33256504bb2666acd299b13fd900bd897c570b95cabfb5718098867822f6472c705431f99ce62a33172291a13bd13f4ed328f2497ae2c6c4be34cf335b09724d6d5a4e5b46c6b98b0015ec62c61c2e8ca0e8852844a21183552358c0d331769666e3203bf2d401732230ac200275d38f0be92213e9bdddcce4ffdc7a13f25b8622484e5c21d5283969074cfd8304302d40e3db0dd04bfa594a5069f91348d3925b6cafc7b2d45ed680e7ea6da851490673398ef52f6f39ab57ddfff5f92b84cc5f8acdc765cd18c9b01d4aa81c365e00a737c1cbcfadda74505ba02fc90c98707f24b3c48c92e96247c62e934553c35a8785c49951033c1919272bdc3673cb1bb15159f9ecda9f707fc9c673c868a383c48151726163db785202ee4e2d4b8fffaf0000e4c446506f58f26b0f5ed4685c5f1e024f94414b77bb6870b7b054fe0e4898861e1c5bff03ac05c802f51af33deffbb08bd72a36307d6f7562076708c30facd513c236f0d98a35ebf0aa958c36b66c89418f2446c6d60ee633d55dbe8e66c0f3e367991e027262d00b8ff39f8029c82a5d8d78c69cbfa3cb6a3eedb839aa9192f4af17e17a1b33b675a28774abe70f9d9c3824fb9b51dc91e2c13c2565bccbfb1b0218ae7f6a0dd776025cd4253808b68b124f6d404305c76c1fefcced1655ecc5652a64c7c253a396aeaea3caf9010c136a851d53d67ef43ee678a19b32b57a05ebb9644a1693225506bfc75bd838bddf53f8f18995f05dd1deeb6cf7fdce04569e814d250dd46ed6ab256e804ca25c9a13663dd33e136ce54cad4454cb4e6b4d7f752a2349bc345d8b3ac56e57f749a68c3cdca955151fe16fa48cd17e5618b37078083b9633086fb5f9aca575c90d8c12b4578ef6856cb656dcf5fa7ce0ab4afedf66a3e726fefdffbefc2fc76185403b54813d3681df6ed75e3e13fd9793873a31f2a5a2cbfd963d55d57c8c7b6059d721241b479ebd4f85e0c5b5d9603cf62025d5409cdbf00882cc239b3dfc0b5fb262774bb226921745bbbbb088ebf3d1cdd2f1721ef68b67aba66b6423a3e87e20aa15b9fe0a311f4f6d0339cc063c343b382763f80f715b3bd6731ee77b2d9f4a795c766c48d3cb6b3060697dec61f0718fc01504b01021400140000000800c66bb058932f7a96de010000c603000021000000000000000100200000000000000063757474696e672d636f6d62696e6174696f6e2f6465746563746f722e62706d6e504b01021400140000000800c66bb058bf0d82c950040000750c000024000000000000000100200000001d02000063757474696e672d636f6d62696e6174696f6e2f7265706c6163656d656e742e62706d6e504b05060000000002000200a1000000af0600000000504b0304140000000000c55eb75860f2fd92ec070000ec0700000f00000063757474696e672d6375742e7a6970504b0304140000000800c66bb05807f6752df3010000f30300001900000063757474696e672d6375742f6465746563746f722e62706d6e8d535d6f9b30147d9fb4ff60f9715a318992aa4365d51a32695293a64aba3d22631cb0826dea8f41fbeb67701268a6497bc2f7e31cdf73ccbdbd6b79057e53a59914319c0421045410993351c4f079f7fdea06de7dfdf8e136abb98872ba678219d7aa81c3091d75e91896c6d411424dd3049217815405d23525e87eb35aa3693809c3f97486568fc9f2018e8039fb5f68f2e384cbc9bf314932422c4e88178b85e1d4c3b4c315cc94360b88e4e879bbbb7ab2df84610fe8a9eb5b2daffaafe5b36e0208581ec364909d4e2a66c3e917080c5605356bcca9ae31a1e7a93a61019348939272dc87ced2b696ca5015c3e32d6025735a5135947e9ede6016ccdc2b38cf01f0aed74a12aa753fcac69fd3b07de3e16be6e6d3cb96126b7056b9198cb2d4431df8283c5a30452c330b6b8c7bd51dd6879eaa3ba4615617cdbe8280f8ea8a9a52bae2c1e9ed6260a4ac32d97e7e61fac00c041cb75b9b1d297fb1dc9431fcd4a7d79667543deedd3d7a941bba7d167965682c6d109bb3a8f33d61b85098f7738ee2747216376ade5458d0736b1fb946d0752c2bcaa93023df94f7ed48f39e685be2da13fd6d591aced59c976f69ce2ea87d75dfcc04bd1e781d734ea27b6945ee76c56dd6b5dbacd718deb84fe36d737f2a04256545697c1e0d53a1cbb14ebad1a5f0919defcdebb6165daead4bfe01504b03041400000008005d5eb7588cac37e1e10400002d1000001c00000063757474696e672d6375742f7265706c6163656d656e742e62706d6ed557db6ee336107d0f907f20f864a389243bc93670e22c367102a4682e5ba7db874561d0146db32b515a5e7c41d17fef50574a76d2a4cd4b81c09138338733676628cef9c7751ca125938a2762887b5e8011133409b9980ff1af4f3787a7f8e3c5fedef9348dc52064332eb8065585c04ea8815d1ee285d6e9c0f757ab9597c4732f91735fa58cfa978f77f77e3fe805c149ffd8bf7b185dff8c1dc390bfd674745bda85f4799bd1c8b1b82a2d28898d08496556bce76674c162e243d8be7508231e0ef1a88e721204cbd3308c31d244ce99be27315329a1ac42b3661e4f4aa41c85add3446a2687f8b32142df5da3bb24641193b5e84b49f9b177e2058782cf173ada78fda0dfeff57b2718384728673d9509654a65be3de6cf936026e78bf91a1c56d76b468d26d3089cd2d2b0dcb434564c2e39654f447dcb00ecc3a4772c3733055109886788af8c46575c52c3b5c2a8e06740d446d04fb32c8c0cb792b0358d8ce24b309d9148553b967bb2b566c246771db19809ad2a39689420341182519d4847e888b9488d7e301a7e1b0a6d954722210670b288059e1749882f1e1fc64fe7fe6ed537012e18092157b865e498c524dd123a6220406ed037b619e24f94b254e30b92a611a7c49698ff874a44ed68a6fc4ab4ab4400cffaf06993b2b763d6f26dffdf853823237c51f65c5e5d8750a81a4e96c3a22a0727c18f1f7c582cabef5d364ec9264a48f842c614953cd528ff7793c898e8219ecb24596ef0058f6d87a2fcd5b3547a3fc1cfa5e11114c2fe5e2ab9d091e8d8b6b1c1205ab64ef76c7f0f8ec872010da1db6d6f424a3c383cbe10c96d9b7670a180bb5f83df4b9b1cec2e2bdf172c5db56ac398acc7665a90f81b0ff5e279846ddd0c86cf506717cc100913455df4a725f32dfb1431de9bf8b39996ec20f4aa7d10aa48dea19b48d40647b1511a4d19224bc223eb000a8db4c99146681e33a4134b71952bb4e280a4170c56a5840e893648c1094d350b515cb38bd05ffb7bf0b733f2ed454f27b7d09473263bd6baca0e383a65f2610625a35e4c8dabe8e6a509d04e4a0bbe7f56fadc12b4565ef0b68eeb1ffd75545b1e374076f8dcdca4e17553b4b5b6e579552f599b668967df0d53daf33c5c07572c02e4d781edbc52094e91ba2b0fca2ae9b6358ac2384098189dc0a9c129de5622eb8932d30263b2ca5aec6047b1ecb4a436f107ed4ced5415267636aaad1c9eb6ec4aaf66d9a16723495226be13151fb991289d350fe48cad9073fa750a791712f02899d69b71a6d9e9d6296840e498da48811aeb67f5499f9fc2fff10b94643785f697a03e2dc98868f26fbf0879e5a814f8a86e2dcd4eb052b82eb282c34cd552d7fe888c23235326af22a214a79dae9712a9d8135c983ad6ca6111ff5240e627552b9201c2e887cc274844998206d72a7d3dc52df2dec6b172daffffcbaf13c5b3dc166e9ac83d3fec6bde5a2e1107b93dc4d0c11ce69c250f0d891add9a4156dedc7041a202bd72c0423f975e90bd4f825b9db6e3cabd7d65bf0db38bdd61b55083b83acead7f5b5ecf0cfe8b43432176e6987c34f2ddd9a89e96423eb0a3e3889339449b8d3ccefba4d7988e0ae5c7880856a9666fa088ac46e1ccf6e0d51c790aa0f182a439d0b87677121c1d9d42d49390b7301bb398cb5648079709d0055336cce41f602687ebfe29fccb3e26b014c0f382d999315ff75b6cbafe3478742376786cb20682825e67e087c5bf01504b01021400140000000800c66bb05807f6752df3010000f303000019000000000000000100200000000000000063757474696e672d6375742f6465746563746f722e62706d6e504b010214001400000008005d5eb7588cac37e1e10400002d1000001c000000000000000100200000002a02000063757474696e672d6375742f7265706c6163656d656e742e62706d6e504b0506000000000200020091000000450700000000504b01021400140000000000c75eb7584a383456660700006607000017000000000000000000200000000000000063757474696e672d636f6d62696e6174696f6e2e7a6970504b01021400140000000000c55eb75860f2fd92ec070000ec0700000f000000000000000000200000009b07000063757474696e672d6375742e7a6970504b0506000000000200020082000000b40f00000000', 'dacf328e-ce3b-4acc-b7a5-3ec07cd010ab');


--
-- TOC entry 3366 (class 0 OID 16575)
-- Dependencies: 249
-- Data for Name: sketch; Type: TABLE DATA; Schema: public; Owner: planqk
--



--
-- TOC entry 3343 (class 0 OID 16488)
-- Dependencies: 226
-- Data for Name: image; Type: TABLE DATA; Schema: public; Owner: planqk
--



--
-- TOC entry 3345 (class 0 OID 16500)
-- Dependencies: 228
-- Data for Name: implementation_package; Type: TABLE DATA; Schema: public; Owner: planqk
--

INSERT INTO public.implementation_package (dtype, id, description, name, package_type, implementation_id) VALUES ('FileImplementationPackage', '74e800a9-60c9-4561-a273-db80e513779b', 'QAOA BPMN workflow', 'QAOA_workflow_implementation_package', 0, '03223c33-7cd2-4496-84c9-c654da405b19');


--
-- TOC entry 3346 (class 0 OID 16506)
-- Dependencies: 229
-- Data for Name: implementation_package_file; Type: TABLE DATA; Schema: public; Owner: planqk
--

INSERT INTO public.implementation_package_file (file_id, implementation_package_id) VALUES ('a8825f0c-f7e8-4238-8d21-ae1513285551', '74e800a9-60c9-4561-a273-db80e513779b');


--
-- TOC entry 3347 (class 0 OID 16509)
-- Dependencies: 230
-- Data for Name: implementation_publication; Type: TABLE DATA; Schema: public; Owner: planqk
--

INSERT INTO public.implementation_publication (implementation_id, publication_id) VALUES ('e07898e3-280f-4701-9d54-7d051af8d448', 'f05c9136-2f9f-433f-9c35-85009111ee3c');
INSERT INTO public.implementation_publication (implementation_id, publication_id) VALUES ('170eff66-733f-4043-a56b-3189bf474d62', 'f05c9136-2f9f-433f-9c35-85009111ee3c');


--
-- TOC entry 3367 (class 0 OID 16581)
-- Dependencies: 250
-- Data for Name: software_platform; Type: TABLE DATA; Schema: public; Owner: planqk
--

INSERT INTO public.software_platform (id, licence, link, name, version) VALUES ('7c2c4b2e-5b4e-421c-a487-54fd897bfe41', 'Apache-2.0 License', 'https://pyquil-docs.rigetti.com/en/stable/', 'Forest', NULL);
INSERT INTO public.software_platform (id, licence, link, name, version) VALUES ('41299c3c-297a-4d61-be24-cc957186306e', 'Apache-2.0 License', 'https://github.com/Qiskit/qiskit', 'Qiskit', '0.21.0');


--
-- TOC entry 3349 (class 0 OID 16518)
-- Dependencies: 232
-- Data for Name: implementation_software_platforms; Type: TABLE DATA; Schema: public; Owner: planqk
--

INSERT INTO public.implementation_software_platforms (implementation_id, software_platform_id) VALUES ('b3b616b6-6e4a-49b1-baf7-f08fa962a441', '7c2c4b2e-5b4e-421c-a487-54fd897bfe41');
INSERT INTO public.implementation_software_platforms (implementation_id, software_platform_id) VALUES ('e07898e3-280f-4701-9d54-7d051af8d448', '7c2c4b2e-5b4e-421c-a487-54fd897bfe41');
INSERT INTO public.implementation_software_platforms (implementation_id, software_platform_id) VALUES ('170eff66-733f-4043-a56b-3189bf474d62', '41299c3c-297a-4d61-be24-cc957186306e');
INSERT INTO public.implementation_software_platforms (implementation_id, software_platform_id) VALUES ('1066e01c-e3ac-4830-b610-eb613187850c', '41299c3c-297a-4d61-be24-cc957186306e');
INSERT INTO public.implementation_software_platforms (implementation_id, software_platform_id) VALUES ('8179d686-afa1-4f03-8ec9-95899002488a', '41299c3c-297a-4d61-be24-cc957186306e');
INSERT INTO public.implementation_software_platforms (implementation_id, software_platform_id) VALUES ('7de45de7-aca2-4966-a5f9-8ef018688722', '41299c3c-297a-4d61-be24-cc957186306e');
INSERT INTO public.implementation_software_platforms (implementation_id, software_platform_id) VALUES ('10bc87a9-9317-41c8-8d19-fc6594d23383', '41299c3c-297a-4d61-be24-cc957186306e');
INSERT INTO public.implementation_software_platforms (implementation_id, software_platform_id) VALUES ('e7a33256-0ab4-4baa-a805-0296b97960d6', '41299c3c-297a-4d61-be24-cc957186306e');
INSERT INTO public.implementation_software_platforms (implementation_id, software_platform_id) VALUES ('c293bbf4-b8cf-4393-a403-a359a77b868c', '41299c3c-297a-4d61-be24-cc957186306e');
INSERT INTO public.implementation_software_platforms (implementation_id, software_platform_id) VALUES ('816a96fc-696d-419f-8bd4-98752cc72aac', '41299c3c-297a-4d61-be24-cc957186306e');
INSERT INTO public.implementation_software_platforms (implementation_id, software_platform_id) VALUES ('649859eb-7709-4beb-9738-d57f11d80455', '41299c3c-297a-4d61-be24-cc957186306e');


--
-- TOC entry 3350 (class 0 OID 16521)
-- Dependencies: 233
-- Data for Name: implementation_tag; Type: TABLE DATA; Schema: public; Owner: planqk
--

INSERT INTO public.implementation_tag (implementation_id, tag_value) VALUES ('b3b616b6-6e4a-49b1-baf7-f08fa962a441', 'Phase Estimation');
INSERT INTO public.implementation_tag (implementation_id, tag_value) VALUES ('e07898e3-280f-4701-9d54-7d051af8d448', 'Factorization');
INSERT INTO public.implementation_tag (implementation_id, tag_value) VALUES ('170eff66-733f-4043-a56b-3189bf474d62', 'Factorization');
INSERT INTO public.implementation_tag (implementation_id, tag_value) VALUES ('1066e01c-e3ac-4830-b610-eb613187850c', 'Phase Estimation');


--
-- TOC entry 3355 (class 0 OID 16539)
-- Dependencies: 238
-- Data for Name: pattern_relation_type; Type: TABLE DATA; Schema: public; Owner: planqk
--



--
-- TOC entry 3354 (class 0 OID 16533)
-- Dependencies: 237
-- Data for Name: pattern_relation; Type: TABLE DATA; Schema: public; Owner: planqk
--



--
-- TOC entry 3356 (class 0 OID 16542)
-- Dependencies: 239
-- Data for Name: pattern_uris; Type: TABLE DATA; Schema: public; Owner: planqk
--

INSERT INTO public.pattern_uris (implementation_id, pattern_uri) VALUES ('03223c33-7cd2-4496-84c9-c654da405b19', 'pattern-languages/af7780d5-1f97-4536-8da7-4194b093ab1d/da93f915-7f4c-49df-99d0-80d91f26a337');


--
-- TOC entry 3357 (class 0 OID 16545)
-- Dependencies: 240
-- Data for Name: pattern_uris_aud; Type: TABLE DATA; Schema: public; Owner: planqk
--

INSERT INTO public.pattern_uris_aud (rev, implementation_id, pattern_uri, revtype) VALUES (10, '03223c33-7cd2-4496-84c9-c654da405b19', 'pattern-languages/af7780d5-1f97-4536-8da7-4194b093ab1d/da93f915-7f4c-49df-99d0-80d91f26a337', 0);


--
-- TOC entry 3360 (class 0 OID 16557)
-- Dependencies: 243
-- Data for Name: publication_authors; Type: TABLE DATA; Schema: public; Owner: planqk
--

INSERT INTO public.publication_authors (publication_id, authors) VALUES ('f05c9136-2f9f-433f-9c35-85009111ee3c', 'Peter W. Shor');
INSERT INTO public.publication_authors (publication_id, authors) VALUES ('87d697a4-6256-4f84-b545-c2024ab380c2', 'Daoyl Dong');
INSERT INTO public.publication_authors (publication_id, authors) VALUES ('87d697a4-6256-4f84-b545-c2024ab380c2', 'Chunlin Chen');
INSERT INTO public.publication_authors (publication_id, authors) VALUES ('87d697a4-6256-4f84-b545-c2024ab380c2', 'Hanxiong Li');
INSERT INTO public.publication_authors (publication_id, authors) VALUES ('87d697a4-6256-4f84-b545-c2024ab380c2', 'Tzyh-Jong Tarn');
INSERT INTO public.publication_authors (publication_id, authors) VALUES ('3aac6a37-10de-4a95-a2bd-381d357df2a4', 'Vojtech Havlicek');
INSERT INTO public.publication_authors (publication_id, authors) VALUES ('3aac6a37-10de-4a95-a2bd-381d357df2a4', 'Antionio D. Córcoles');
INSERT INTO public.publication_authors (publication_id, authors) VALUES ('3aac6a37-10de-4a95-a2bd-381d357df2a4', 'Kristian Temme');
INSERT INTO public.publication_authors (publication_id, authors) VALUES ('3aac6a37-10de-4a95-a2bd-381d357df2a4', 'Aram W. Harrow');
INSERT INTO public.publication_authors (publication_id, authors) VALUES ('3aac6a37-10de-4a95-a2bd-381d357df2a4', 'Abhinav Kandala');
INSERT INTO public.publication_authors (publication_id, authors) VALUES ('3aac6a37-10de-4a95-a2bd-381d357df2a4', 'Jerry M. Chow');
INSERT INTO public.publication_authors (publication_id, authors) VALUES ('3aac6a37-10de-4a95-a2bd-381d357df2a4', 'Jay M. Gambetta');
INSERT INTO public.publication_authors (publication_id, authors) VALUES ('ae6bdf6f-2656-45bd-9b96-0820eea3cdab', 'Dennis Willsch');
INSERT INTO public.publication_authors (publication_id, authors) VALUES ('ae6bdf6f-2656-45bd-9b96-0820eea3cdab', 'Madita Willsch');
INSERT INTO public.publication_authors (publication_id, authors) VALUES ('ae6bdf6f-2656-45bd-9b96-0820eea3cdab', 'Hans De Raedt');
INSERT INTO public.publication_authors (publication_id, authors) VALUES ('ae6bdf6f-2656-45bd-9b96-0820eea3cdab', 'Kristel Michielsen');


--
-- TOC entry 3361 (class 0 OID 16560)
-- Dependencies: 244
-- Data for Name: quantum_algorithm; Type: TABLE DATA; Schema: public; Owner: planqk
--

INSERT INTO public.quantum_algorithm (nisq_ready, quantum_computation_model, speed_up, id) VALUES (true, NULL, NULL, '379ec44e-1ce5-11eb-adf2-0242ac160002');
INSERT INTO public.quantum_algorithm (nisq_ready, quantum_computation_model, speed_up, id) VALUES (false, 0, NULL, 'b61578ed-df66-44ec-954c-9bcf9906f490');
INSERT INTO public.quantum_algorithm (nisq_ready, quantum_computation_model, speed_up, id) VALUES (false, 0, NULL, '4ab28e22-cdf9-45f8-b872-f4d9d2757b6d');
INSERT INTO public.quantum_algorithm (nisq_ready, quantum_computation_model, speed_up, id) VALUES (false, 0, NULL, '16aa96c5-b668-4df9-a03f-96d323708676');
INSERT INTO public.quantum_algorithm (nisq_ready, quantum_computation_model, speed_up, id) VALUES (false, 2, NULL, '9aa16271-6ea1-4e15-ad9d-6e6e264a0ad0');
INSERT INTO public.quantum_algorithm (nisq_ready, quantum_computation_model, speed_up, id) VALUES (false, 0, 'exponential', 'b5df6c13-e619-496c-ada0-80fc3486f733');
INSERT INTO public.quantum_algorithm (nisq_ready, quantum_computation_model, speed_up, id) VALUES (false, 0, NULL, '3c7722e2-09c3-4667-9a0d-a45d3ddc42ae');
INSERT INTO public.quantum_algorithm (nisq_ready, quantum_computation_model, speed_up, id) VALUES (false, 0, NULL, '0e5af2cf-f3c8-48dd-9743-cfdea65f320f');
INSERT INTO public.quantum_algorithm (nisq_ready, quantum_computation_model, speed_up, id) VALUES (false, 0, NULL, '871f7eea-4722-4728-8cd9-1e61fe2dd285');
INSERT INTO public.quantum_algorithm (nisq_ready, quantum_computation_model, speed_up, id) VALUES (false, 0, NULL, '0f6587f3-6b6b-4dd4-98aa-b464913b8c14');


--
-- TOC entry 3362 (class 0 OID 16563)
-- Dependencies: 245
-- Data for Name: quantum_algorithm_revisions; Type: TABLE DATA; Schema: public; Owner: planqk
--

INSERT INTO public.quantum_algorithm_revisions (id, rev, nisq_ready, quantum_computation_model, speed_up) VALUES ('0f6587f3-6b6b-4dd4-98aa-b464913b8c14', 2, false, 0, NULL);
INSERT INTO public.quantum_algorithm_revisions (id, rev, nisq_ready, quantum_computation_model, speed_up) VALUES ('0f6587f3-6b6b-4dd4-98aa-b464913b8c14', 3, false, 0, NULL);


--
-- TOC entry 3363 (class 0 OID 16566)
-- Dependencies: 246
-- Data for Name: quantum_implementation; Type: TABLE DATA; Schema: public; Owner: planqk
--



--
-- TOC entry 3364 (class 0 OID 16569)
-- Dependencies: 247
-- Data for Name: quantum_implementation_revisions; Type: TABLE DATA; Schema: public; Owner: planqk
--



--
-- TOC entry 3368 (class 0 OID 16587)
-- Dependencies: 251
-- Data for Name: software_platform_cloud_services; Type: TABLE DATA; Schema: public; Owner: planqk
--



--
-- TOC entry 3369 (class 0 OID 16590)
-- Dependencies: 252
-- Data for Name: software_platforms_compute_resources; Type: TABLE DATA; Schema: public; Owner: planqk
--



--
-- TOC entry 3370 (class 0 OID 16593)
-- Dependencies: 253
-- Data for Name: solution; Type: TABLE DATA; Schema: public; Owner: planqk
--

INSERT INTO public.solution (pattern_id, solution_type, id) VALUES ('d3f6b18a-c8c1-4010-b750-b71d95eb5f5e', 'QRM', '9b3abee3-b4dd-4924-aa65-c14bd51fcc29');
INSERT INTO public.solution (pattern_id, solution_type, id) VALUES ('ed3af509-904e-4732-8113-215d65a7d53d', 'QRM', 'be5d3003-7610-4059-8ec3-fe55c7c5a691');
INSERT INTO public.solution (pattern_id, solution_type, id) VALUES ('3d9bca6e-5fca-40c5-b005-8a794958f3aa', 'QRM', '5e60ce85-c35d-4dda-8cb9-b2eebae0cf64');


--
-- TOC entry 3371 (class 0 OID 16596)
-- Dependencies: 254
-- Data for Name: solution_file; Type: TABLE DATA; Schema: public; Owner: planqk
--

INSERT INTO public.solution_file (file_id, solution_id) VALUES ('4dc9b29d-9e71-4d6a-9dc5-9af8e8ff2746', 'be5d3003-7610-4059-8ec3-fe55c7c5a691');
INSERT INTO public.solution_file (file_id, solution_id) VALUES ('aec24380-8ee8-4fee-9dd4-ab28cfbfca0b', '9b3abee3-b4dd-4924-aa65-c14bd51fcc29');
INSERT INTO public.solution_file (file_id, solution_id) VALUES ('dacf328e-ce3b-4acc-b7a5-3ec07cd010ab', '5e60ce85-c35d-4dda-8cb9-b2eebae0cf64');


--
-- TOC entry 3373 (class 0 OID 16605)
-- Dependencies: 256
-- Data for Name: tosca_application; Type: TABLE DATA; Schema: public; Owner: planqk
--



--
-- TOC entry 3374 (class 0 OID 16611)
-- Dependencies: 257
-- Data for Name: tosca_application_revisions; Type: TABLE DATA; Schema: public; Owner: planqk
--



--
-- TOC entry 3380 (class 0 OID 0)
-- Dependencies: 225
-- Name: hibernate_sequence; Type: SEQUENCE SET; Schema: public; Owner: planqk
--

SELECT pg_catalog.setval('public.hibernate_sequence', 10, true);


-- Completed on 2024-05-23 12:21:55

--
-- PostgreSQL database dump complete
--

